kingdom	family	EN0.2A	EN0.2B	EN0.2C	OP0.2A	OP0.2B	OP0.2C	OP1.2A	OP1.2B	OP1.2C	OP5.0A	OP5.0B	OP5.0C	OP8.0A	OP8.0B	OP8.0C
Fungi	Mycosphaerellaceae	0	0	0	0	0	-0.554517744447956	0	0	-0.554517744447956	0	0.138629436111989	0.138629436111989	0	0.831776616671934	0
Fungi	Herpotrichiellaceae	0	0	0	0	0	0	0	-0.693147180559945	0	0	0	0	0	0	0.693147180559945
Fungi	Trichomeriaceae	0	0	0	0	0	0	0	0	0	0	0	0	0	0	0
Fungi	Diaporthaceae	0	0	0	0	0	0	0	0	0	0	0	0	0	0	0
Fungi	Saccotheciaceae	0	0	-2.0219601380135	0	-2.0219601380135	-0.517882741237225	1.8387695730271	-1.61649502990533	-0.769197169518131	0	-0.0760499889581858	0.375935134784872	1.54757255846787	1.15609369233445	2.10517424703159
Fungi	Erysiphaceae	0	0	0	0	0	0	0.202732554054082	-0.895879734614027	0	0	0	0.202732554054082	0	0.490414626505863	0
Fungi	Aspergillaceae	0	0	0	0	0	-0.0932692979892371	0	0	-0.786416478549182	0	0	0.599877882570708	-0.786416478549182	1.15949367050613	-0.0932692979892371
Fungi	Glomerellaceae	0	0	0	0	0	0	0	0	0	0	0	0	0	0	0
Fungi	Plectosphaerellaceae	0	0	0	0	0	0	0	0	0	0	0	0	0	0	0
Fungi	Dermateaceae	0	-0.326943084337242	0	0	0	0	0	0	0	0	0.653886168674484	0	0	-0.326943084337242	0
Fungi	Hyaloscyphaceae	0	0	0	0	0	0	0	0	0	0	0	0	0	0	0
Fungi	Sclerotiniaceae	0	0.0507331133392901	0	0	-0.267720617779245	-0.267720617779245	0	0	0.217787198002456	0	-0.0445770664650347	-0.96086779833919	-0.267720617779245	0.486051184597136	1.05403522220307
Fungi	Hypocreaceae	0	0	0	0	0	0	0	1.19837622539864	-0.747533923656674	0	-0.0543867430967283	0	0	-0.747533923656674	0.351078365011436
Fungi	Nectriaceae	0	0	0	0	0	0	0	0	0	0	0	0.346573590279973	0	0	-0.346573590279973
Fungi	Ramalinaceae	0	0	0	0	0	0	0	0	0	0	0	0	0	0	0
Fungi	Pyriculariaceae	0	0	0	0	0	0	0	0	0	0	0	0	0	0	0
Fungi	Ophiostomataceae	0	0	0	0	0	0	0	0	0	0.111571775657105	0	0	0	0	-0.111571775657105
Fungi	Patellariaceae	0	0	0	0	0	0	0	0	0	0	0	0	0	0	0
Fungi	Didymellaceae	0	0	0	0	0	0	0	0	0	0	0	0	0	0	0
Fungi	Leptosphaeriaceae	0	0	0	0	0	0	0	0	0	0	0	0	0	0	0
Fungi	Phaeosphaeriaceae	0	0	0	0	0	-1.19687293569551	0	0	0	-0.791407827587347	0	1.57571578654427	0	0	0.412564976738589
Fungi	Pleosporaceae	0	-1.41744866032647	0	0	0	0	-1.01198355221831	0	0	0.0866287364497995	0.933926596837003	0.191989252107626	0	1.02489837504273	0.191989252107626
Fungi	Debaryomycetaceae	0	0	0	0	0	-0.794513457586986	0	0	0.591780903532904	0	0	0	0	0.997246011641069	-0.794513457586986
Fungi	Dipodascaceae	0	0	0	0	0	0	0	0	0	0	0	0	0	0	0
Fungi	Metschnikowiaceae	0	0	0	0	0	0	0	0	-0.549306144334055	0	0	0.549306144334055	0	0	0
Fungi	Phaffomycetaceae	0	0	0	0	0	0	0	0	0	0	0	0	0	0	0
Fungi	Saccharomycetaceae	0	-0.457588572143405	-1.55620086081151	0	0	0	0	0	-0.457588572143405	-0.457588572143405	0.389709288243798	1.33417089708465	0	-0.457588572143405	1.66267496405669
Fungi	Saccharomycodaceae	0	0	0	0	0	0	0	0	0	0	0	0	0	0	0
Fungi	Saccharomycopsidaceae	0	0	0	0	0	0	0	0	-0.597253156409352	0	0	1.1945063128187	0	-0.597253156409352	0
Fungi	Trichomonascaceae	0	0	0	0	0	0	0	0	0	0	0	0	0	0	0
Fungi	Schizosaccharomycetaceae	0	0	0	0	0	0	0	0	0	0	0.801621314038155	0	-1.68328533574985	0.881664021711691	0
Fungi	Dactylosporaceae	0	0	0	0	0	0	0	0	0	0	0	0	0	0	0
Fungi	Chaetomiaceae	0	0	0	0	0	0	0	0	0	0	0	0	0	0	0
Fungi	Sordariaceae	0	0	0	0	0	0	0	0	0	0	0	0	0	0	0
Fungi	Verrucariaceae	0	0	0	0	0	0	0	0	0	0	0	0	0	0	0
Fungi	Hypoxylaceae	0	0	0	0	0	0	0	0	0	0	0	0	0	0	0
Fungi	Pseudeurotiaceae	0	0	0	0	0	0	0	0	0	0	0.549306144334055	-0.549306144334055	0	0	0
Fungi	Agaricaceae	-0.845196596100507	0	0	-0.845196596100507	0	0	0	-0.845196596100507	0	1.23424494557933	0	0.253415692567603	0.253415692567603	0.253415692567603	0.541097765019384
Fungi	Physalacriaceae	0	0	0	0	0	0	0	0	0	0	-0.0557858878285524	-0.748933068388498	0.167357663485657	0.637361292731393	0
Fungi	Schizophyllaceae	0	0	0	0	0	0	0	-0.549306144334055	-0.549306144334055	0	0	0	1.64791843300216	-0.549306144334055	0
Fungi	Tricholomataceae	0	0	0	0	0	0	0	0	0	0	0	0	0	0	0
Fungi	Brachybasidiaceae	0	0	0	0	0	0	0	0	0	0	0	0	0	0	0
Fungi	Gloeophyllaceae	0	0	0	0	0	0	0	0	0	0	0	0	0	0	0
Fungi	Leucosporidiaceae	0	0	0	0	0	0	0	0	0	0	0	0	0	0	0
Fungi	Malasseziaceae	-0.91220453549921	0	-2.52164244793331	-1.82849526737336	-0.729882978705255	0.1864077531689	0.845653382053164	-0.442200906253474	0	1.42960127064812	1.00471807668285	0.250946274306471	1.44864946561881	0.42279653123313	0.845653382053164
Fungi	Polyporaceae	0	0	0	0	0	0	0	0	0	0	0	0	0	0	0
Fungi	Sporidiobolaceae	-0.526982779159134	0	0	0	0	0	-0.526982779159134	0	-0.526982779159134	0	0.859311581960757	1.08245513327497	0	0.166164401400812	-0.526982779159134
Fungi	Cryptococcaceae	0	0	0	0	0	0	0	0	0	0	0	0	0	0	0
Fungi	Tremellaceae	0	0	0	0	0	0	0	0	0	0	0	0	0	0	0
Fungi	Ustilaginaceae	-0.483900126363486	0	0	0	0	0	-0.483900126363486	-0.483900126363486	-0.483900126363486	0	0.209247054196459	1.30785934286457	0	0.902394234756404	-0.483900126363486
Fungi	Wallemiaceae	0	0	0	0	0	0	0	0	0	0	0	0	0	0	0
Fungi	Blastocladiaceae	0	0	0	0	0	0	0	0	0	0	0	0	0	0	0
Fungi	Physodermataceae	0	0	0	0	0	0	0	0	0	0	0	0	0	0	0
Fungi	Chytridiaceae	0	0	0	0	0	0	0	0	0	0	0	0	0	0	0
Fungi	Chytriomycetaceae	-0.202732554054082	0	0	0	0	0	0	-0.895879734614027	0	0	0	0	0.895879734614027	0.202732554054082	0
Fungi	Lobulomycetaceae	0	0	0	0	0	0	0	0	0	0	0	0	0	0	0
Fungi	Monoblepharidaceae	0	0	0	0	0	0	0	0	0	0	0	0	0	0	0
Fungi	Telasphaerulaceae	0	0	0	0	0	0	0	0	0	0	0	0	0	0	0
Fungi	Collimycetaceae	0	0	0	0	0	0	0	0	0	0	0	0	0	0	0
Fungi	Halomycetaceae	0	0	0	0	0	0	0	0	0	0	0	0	0	0	0
Fungi	Rhizophydiaceae	0	0	0	0	0	0	0	0	0	0	0	0	0	0	0
Fungi	Spizellomycetaceae	0	-1.242453324894	-0.14384103622589	0	0	0	0	0	0	0	0	0.549306144334055	0	0.836988216785836	0
Fungi	Mortierellaceae	0	0	0	0	0	0	0	-0.677012550275553	-0.677012550275553	0	0.932425362158548	0.421599738392557	0	0	0
Fungi	Mucoraceae	0	0	0	0	0	0	0	0	0	0	0	0	0	0	0
Fungi	Umbelopsidaceae	0	0	0	0	0	0	0	0	0	0	0	0	0	0	0
Fungi	Olpidiaceae	-0.780355204520703	-0.780355204520703	0	0	0	0	0	0	-0.780355204520703	0.318257084147406	0	0	0	1.41686937281552	0.605939156599187
Fungi	Ancylistaceae	0	0	0	0	0	0	0	0	0	0	0	0	0	0	0
Fungi	Entomophthoraceae	0	0	0	0	0	0	0	0	0	0	0	0	0	0	0
Metazoa	Arenicolidae	0	-1.02479279588065	0	0	0	0	0	0.073819492787458	0	0	-0.331645615320706	0	0	1.61426453373461	-0.331645615320706
Metazoa	Capitellidae	0	0.346573590279973	0	0	0	0	0	0	-0.346573590279973	0	0	0	0	0	0
Metazoa	Naididae	0	0	0	0	0	0	0	0	0	0	0	0	0	0	0
Metazoa	Glossiphoniidae	0	0	0	0	0	0	0	0	0	0	0	0	0	0	0
Metazoa	Lumbriculidae	0	0	0	0	0	0	0	0	0	0	0	0	0	0	0
Metazoa	Acoetidae	0	0	0	0	0	0	0	0	0	0	0	0	0	0	0
Metazoa	Nereididae	0	0	-0.539686014192039	0	0	-0.539686014192039	-1.23283319475198	0	0.153461166367906	1.98604263011622	0	1.25207345503602	-0.539686014192039	0	-0.539686014192039
Metazoa	Fabriciidae	0	0	0	0	0	0	0	0	-0.202732554054082	0	0.202732554054082	0	0	0	0
Metazoa	Spionidae	-1.34591590600802	0	1.21903345145352	0	0	0	-0.652768725448072	-1.34591590600802	0	0.263522006426083	0	-1.34591590600802	0	0	3.20796098559252
Metazoa	Trichobranchidae	0	0	0	0	0	0	0	0	0	0	0	0	0	0	0
Metazoa	Nerillidae	0	0	0	0	0	0	0	0	0	0	0	0	0	0	0
Metazoa	Orbiniidae	0	0	0	0	0	0	0	0	0	0	0	0	0	0	0
Metazoa	Corophiidae	0	-0.346573590279973	0	0	0	0	0.346573590279973	0	0	0	0	0	0	0	0
Metazoa	Gammaridae	0	0	0	0	0	0	0	0	0	-0.0911607783969772	0	0	0.0911607783969774	0	0
Metazoa	Hyalellidae	0	0	0	-0.599146454710798	0	0	0	0	0.0940007258491471	0	1.0102914577233	0.0940007258491471	0	0	-0.599146454710798
Metazoa	Melitidae	0	0	0	0	0	0	0	0	0	0	0	0	0	0	0
Metazoa	Araneidae	0	0	0	0	0	0	0	0	0	0	0	0	0	0	0
Metazoa	Zodariidae	0	0	0	0	0	0	0	0	0	0	0	0	0	0	0
Metazoa	Acartiidae	0	0	-1.09598757816521	0	0	-1.50145268627338	-2.19459986683332	0	0	0	-1.09598757816521	1.94853485955821	0	1.51897219987098	2.42052065000794
Metazoa	Calanidae	-0.859614271682445	-0.253478468112129	-1.95822656035055	0	0	0	0	0	0	0	0.874986783705662	1.62529237810556	2.2902686816988	-1.26507937979061	-0.45414916357428
Metazoa	Centropagidae	0	0	0	0	0	0	0	0	0	0	0	0	0	0	0
Metazoa	Paracalanidae	-0.814534362616192	0.33059794168681	-2.76044451167151	0	0	0	0	0	0	0	0.751100927159515	1.29999849887491	1.87428447655813	0	-0.68100296999167
Metazoa	Temoridae	0	-0.957498348556409	-0.957498348556409	0	0	0	0	0	0	0	0	1.12194319312343	0	0.651939563877691	0.141113940111701
Metazoa	Chrysomelidae	0	0	0	0	0	0	0	0	0	0	0	0	0	0	0
Metazoa	Curculionidae	0	0	-0.41546481211958	0	0	-1.66822778061495	0	0	0.729667492183423	0	-0.975080600055003	1.19397310031452	0	0	1.13513260029159
Metazoa	Silphidae	0	0	0	0	0	0	0	0	0	0	0	0	0	0	0
Metazoa	Staphylinidae	0	0	0	0	0	0	0	0	0	0	0	0	0	0	0
Metazoa	Cyclopettidae	0	0.403261768264807	-1.67617977341503	0	0	0.0584212819730769	-2.08164488152319	0	-0.209842704621602	0	0	3.44976636719222	-2.08164488152319	0	2.13786282365291
Metazoa	Cyclopinidae	0	0	0	0	0	0	0	0	0	0	0	0	0	0	0
Metazoa	Oithonidae	0	0.252188846307242	-1.69372130274807	0	0	-0.0842833903139706	-1.40603923029629	0	-1.00057412218813	0	0	3.86696032826746	-1.18289567898208	-1.40603923029629	2.65440378025013
Metazoa	Carcinidae	0	0	0	0	0	0	-1.09861228866811	0	0	1.09861228866811	0	0	0	0	0
Metazoa	Crangonidae	0	0	0	0	0	0	0	0	0	0	0	0	0	0	0
Metazoa	Penaeidae	0	0	0	0	0	0	0	-0.80471895621705	0	0	0.80471895621705	0	0	0	0
Metazoa	Chironomidae	0	0	0	0	0	0	0	0	0	0	0	0	0	0	0
Metazoa	Culicidae	-1.1818371649612	0	0.204457196158692	0	0	0	0	-1.1818371649612	-0.0832248762930889	0	0	1.45722016465406	-1.1818371649612	0.204457196158692	1.76260181420524
Metazoa	Drosophilidae	0	0	0	-0.382920690716226	0.310226489843719	0	0.0225444173919387	-0.382920690716226	-0.382920690716226	0.533370041157929	0.310226489843719	0.0225444173919387	0.310226489843719	0.0225444173919387	-0.382920690716226
Metazoa	Mycetophilidae	0	0	0	0	0	0	0	0	0	0	0	0	0	0	0
Metazoa	Syrphidae	0	0	0	0	0	0	0	0	0	0	0	0	0	0	0
Metazoa	Tephritidae	0	0	0	0	0	0	0	0	0	0	0	0	0	0	0
Metazoa	Canuellidae	0	0	0	0	0	0	0	0	0	0	0	0	0	0	0
Metazoa	Harpacticidae	0	0	0	0	0	0	0	0	-1.74724900501988	0	0	1.14312275287628	0	0	0.604126252143597
Metazoa	Longipediidae	0	0	0	0	0	0	0	0	0	0	0	0	0	0	0
Metazoa	Nannopodidae	0	0	0	0	0	0	0	0	0.346573590279973	0	0	-0.346573590279972	0	0	0
Metazoa	Aphididae	0	0	0	0	0	-1.38629436111989	0	0	0	0	0	0	0	0	1.38629436111989
Metazoa	Delphacidae	0	0	0	0	0	0	0	0	0	0	0	0	0	0	0
Metazoa	Membracidae	0	0	0	0	0	0	0	0	0	0	0	0	0	0	0
Metazoa	Braconidae	0	0	0	0	0	0	0	0	0	0	0	0	0	0	0
Metazoa	Trichogrammatidae	0	0	0	0	0	0	0	0	0	0	0	0	0	0	0
Metazoa	Ixodidae	0	0	0	0	0	0	0	0	0	0	0	0	0	0	0
Metazoa	Crambidae	0	0	0	0	0	0	0	0	-0.693147180559945	0	0.693147180559945	0	0	0	0
Metazoa	Geometridae	0	0	0	0	0	0	0	0	0	0	0	0	0	0	0
Metazoa	Noctuidae	0	0	0	0	0	0	0	0	0	0	0	-0.346573590279973	0	0	0.346573590279973
Metazoa	Nymphalidae	0	0	0	0	0	0	0	0	0	0	0	0	0	0	0
Metazoa	Plutellidae	0	0	0	0	0	0	0	0	0	0	0	0	0	0	0
Metazoa	Tortricidae	0	0	0	0	0	0	0	0	0	0	0	0	0	0	0
Metazoa	Phytoseiidae	0	0	0	0	0	0	0	0	0	0.549306144334055	0	0	-0.549306144334055	0	0
Metazoa	Cypridinidae	0	0	0	0	0	0	0	0	0	0	0	0	0	0	0
Metazoa	Pyrgomorphidae	0	0	0	0	0	0	0	0	0	0	0	0	0	-0.80471895621705	0.80471895621705
Metazoa	Lepadidae	0	0	0	0	0	0	0	-1.62760064086212	0	0	0	0	0	1.17575974004441	0.451840900817712
Metazoa	Pollicipedidae	0	0	0	0	0	0	0	0	0	0	0	-1.6282313569128	0	0.814115678456401	0.814115678456401
Metazoa	Bacillidae	0	0	0	0	0	0	0	0	0	0	0	0	0	0	0
Metazoa	Ectopsocidae	0	0	0	0	0	0	0	0	0	0	0	0	0	0	0
Metazoa	Pyroglyphidae	0	0	0	0.0704441187178704	0	0	-0.21723795373391	0	0	-0.622703061842075	0	0	0.986734850592026	0	-0.21723795373391
Metazoa	Scolopendridae	0	0	0	0	0	0	0	0	0	0	0	0	0	0	0
Metazoa	Archaeobalanidae	0	0	0	0	0	0	0	-1.27348527063422	0	0	0	0	0	1.63067980939428	-0.357194538760063
Metazoa	Balanidae	0	0	-2.35749800636383	-0.971203645243937	-0.748060093929727	-1.25888571769572	-1.25888571769572	0	0.127408643424173	0.733544446994488	-0.0549129133697819	-0.278056464683992	0.350552194738382	3.23721337323801	2.47878390058765
Metazoa	Catophragmidae	0	0	0	0	0	0	0	0	0	0	0	0	0	0	0
Metazoa	Chthamalidae	0	0	0	0	0	0	0	0	-1.24588987276112	0	0	0	0	0.700020276294191	0.545869596466932
Metazoa	Pyrgomatidae	0	0	0	0	0	0	0	0	0	0	0	0	0	0	0
Metazoa	Caligidae	0	0	-0.499501080209497	0	-0.0940359721013326	-1.19264826076944	0	0	-0.499501080209497	1.89839419258887	1.57994046147034	0	0	0	-1.19264826076944
Metazoa	Thripidae	0	0	0	0	0	0	0	0	0	0	0	0	0	0	0
Metazoa	Hydropsychidae	0	0	0	0	0	0	0	0	0	0	0	0	0	0	0
Metazoa	Halacaridae	0	0	0	0	-0.32188758248682	0	0.594403149387335	-1.01503476304677	0	0.371259598073125	0	0	0	0.371259598073125	0
Metazoa	Tetranychidae	0	0	0	0	0	0	0	0	0	0	0	0	0	0	0
Metazoa	Adeonidae	-0.797915290463674	0	0	0	0	0	-0.797915290463674	-0.104768109903729	0	0	0.300696998204436	0	0.811522621970426	0.588379070656216	0
Metazoa	Celleporidae	0	0	0	0	0	0	0	0	0	0	0	0	0	0.549306144334055	-0.549306144334055
Metazoa	Electridae	0	0	0	0	0	1.02794246727428	-1.05149907440556	-0.358351893845611	0	0	0	0	0	0.740260394822499	-0.358351893845611
Metazoa	Flustridae	0	0	0	0	0	0	0	0	0	0	0	0	0	0	0
Metazoa	Membraniporidae	-0.138629436111989	0	0	0	0	0	0	-0.138629436111989	0	0	0	-0.138629436111989	-0.138629436111989	0	0.554517744447956
Metazoa	Schizoporellidae	0	0	0	0	0	0	0	0	0	0	0	0	0	0	0
Metazoa	Alcyonidiidae	0.459866718303243	-0.883868028397851	0	-1.06618958519181	-0.883868028397851	-1.98248031706596	1.88872069384193	0.0324227034763038	-1.06618958519181	1.29466441592622	2.12839354710735	-2.67562749762591	1.62843759557826	1.49875977226973	-0.37304240463186
Metazoa	Flustrellidridae	0.357702000168039	0.0700199277162579	0	-1.43405746906002	-0.517766737185861	0	1.51038151010642	-0.0477631079401259	-2.12720464961996	1.3991558749962	1.61046496866341	-0.740910288500071	0.437744707841575	-0.517766737185861	0
Metazoa	Vesiculariidae	0	-0.0958940241505934	0	0	0	0	0	-0.0958940241505934	0	0	0	0	0	0.191788048301187	0
Metazoa	Tubuliporidae	0	-0.80471895621705	0	0	0	0	-0.80471895621705	0	0	0	0.80471895621705	0	0	0.80471895621705	0
Metazoa	Lophopodidae	0	0	0	0	0	0	-0.591502212146759	-0.591502212146759	0	0.661260756348609	1.11324588009167	0	0	-0.591502212146759	0
Metazoa	Plumatellidae	0	0	0	0	0	0	0	0	-0.346573590279973	0.346573590279973	0	0	0	0	0
Metazoa	Accipitridae	0	0	-1.0060941460813	0	0	-2.39238850720119	0	0	0.38020021503859	0	0	2.33499931151115	0	-1.29377621853308	1.97705934526583
Metazoa	Acipenseridae	0	0	0	0	0	0	0	0	0	0	0	0	0	0	0
Metazoa	Branchiostomidae	0	0	0	0	0	0	0	0	0	0	0	0	0	0	0
Metazoa	Anabantidae	0	0	0	0	0	0	-0.794513457586986	0	0	0	-0.101366277027041	0.304098831081123	0	0.591780903532904	0
Metazoa	Anguillidae	0	0	0	0	0	0	0	0	0	0	0.924196240746594	-0.462098120373297	-0.462098120373297	0	0
Metazoa	Apterygidae	0	0	0	0	0	-0.597253156409352	0	0	0	0	0	0.0958940241505937	0	0	0.501359132258758
Metazoa	Bovidae	0	0	0	0	-0.330715373284658	0	0	-1.0238625538446	0.0747497348235069	0	0	0.0747497348235069	-0.330715373284658	0.362431807275288	1.17336202349162
Metazoa	Phocoenidae	0	0	0	0	0	0	0	0	0	0	0	0	0	0	0
Metazoa	Suidae	0	-0.268978514177806	0.277565192190263	-1.28057942585629	0	0.734323594685979	0	1.73984546028808	-0.469649209639957	-1.28057942585629	-0.268978514177806	-0.875114317748122	0.328858486577814	-1.56826149830807	2.9315481720222
Metazoa	Adrianichthyidae	0	0	0	0	0	0	0	0	0	1.34326868036151	0	0	0	-0.671634340180755	-0.671634340180755
Metazoa	Blenniidae	-0.866978388431263	0.231633900236847	0	-0.866978388431263	0	0	-0.173831207871318	-0.866978388431263	0	-0.866978388431263	0.231633900236847	-0.866978388431263	2.22406406492705	0.742459524002837	1.07893176062405
Metazoa	Gobiesocidae	-0.944074484946516	0.25989831937942	0	-0.656392412494735	-2.04268677361463	-1.34953959305468	0.154537803721594	-0.944074484946516	0.154537803721594	1.5682311390296	1.0018356641088	0.0367547680652098	1.5682311390296	0.596370556000632	0.596370556000632
Metazoa	Carangidae	-0.788163203608792	-2.17445756472868	0	0	0	-2.17445756472868	0	-0.788163203608792	-1.48131038416874	2.2075690699452	0.223437708069688	0.223437708069688	1.79583434882344	2.35814192842457	0.598131157511098
Metazoa	Echeneidae	0	0	0	0	0	0	-0.470275051432696	0	0	-0.470275051432696	0.22287212912725	0	0.782487917062672	-0.064809943324531	0
Metazoa	Canidae	0	0	0	0	0	0	0	0.883425985518711	0	0.12965418314233	1.09473507918592	-0.158027889309451	-1.94978735853751	0	0
Metazoa	Mustelidae	0	0	0.549306144334055	0	0	0	0	-0.549306144334055	0	0	0	0	0	0	0
Metazoa	Oplegnathidae	0	0	0	0	0	0	0	0	0	0	0	0	0	0	0
Metazoa	Sinipercidae	0	0	0	0	0	0	0	0	0	0	0	0	0	0	0
Metazoa	Serrasalmidae	0	0	0	0	0	0	0	0	0	0	0	0	0	0	0
Metazoa	Phyllostomidae	0	0	0	0	0	-0.202732554054082	0.202732554054082	0	0	0	0	0	0	0	0
Metazoa	Pteropodidae	0	0	0	0	0	0	0	0	0	0	0	0	0	0	0
Metazoa	Clupeidae	-1.1043879875653	-1.1043879875653	0	-1.1043879875653	-0.411240807005357	-1.1043879875653	-0.00577569889719265	-1.1043879875653	0	1.19819710542874	2.32959921691984	-1.1043879875653	1.29350728523307	1.53466934204996	0.687371481662753
Metazoa	Denticipitidae	0	0	0	0	0	0	0	0	0	0	0	0	0	0	0
Metazoa	Coliidae	0	0	0	0	0	0	0	0	0	0	0	0	0	0	0
Metazoa	Columbidae	0	0	0	0	-0.401324268108645	0	0	0	-1.49993655677676	0	0	0	0	1.9012608248854	0
Metazoa	Oikopleuridae	-1.46321997816721	-0.366760542860204	-1.22853043585594	-1.63144777188531	-1.15953756436899	0.0684307455131608	0.450852275790492	1.31660059559906	-0.237548811380198	-0.282086665811099	1.18638065333143	0.253769595996968	-0.124829077680361	1.19861737977987	2.01930960199835
Metazoa	Alligatoridae	0	0	0	0	0	0	0	0	0	0	0	0	0	0	0
Metazoa	Cyprinidae	0	0	0	-1.33749342059309	0	-1.33749342059309	-0.64434624003315	-0.64434624003315	-1.33749342059309	-1.33749342059309	0.45426604863496	-0.238881131924985	4.62093127243669	1.06040185220528	0.741948121086741
Metazoa	Fundulidae	0	0	0	0	0	0	0	0	0	0	0	0	0	0	0
Metazoa	Nothobranchiidae	0	0	0	0	0	0	0	0	0	0	0	0	0	0	0
Metazoa	Poeciliidae	-0.549306144334055	0	0	0	0	0	0	0	0	0	0	0	0.549306144334055	0	0
Metazoa	Cionidae	0	0.214868199539468	0	0	0	0.214868199539468	0.214868199539468	0	-0.883744089128642	0.214868199539468	0	0.214868199539468	0	0	-0.190596908568697
Metazoa	Gadidae	-1.02326226063192	-0.7424530674679	-2.351890979902	0.047570463929115	-1.06047585697235	-1.06999973848361	-0.193733870756691	0.644702991249472	-1.69383511915333	1.37089002588762	1.94539442631679	0.369858065558372	1.56288684820499	1.76293211366364	0.431415958557805
Metazoa	Phasianidae	0	0	0	0	0	0	0	0	0	0	0.519860385419959	-0.173286795139986	0	-0.866433975699932	0.519860385419959
Metazoa	Gobiidae	0	-1.0892284975197	0	-1.0892284975197	0	0	0.520209414914397	0	-1.0892284975197	0.990213044160133	0.00938379114840671	-0.396081316959758	1.54982883209556	0.990213044160133	-0.396081316959758
Metazoa	Chanidae	0	0	0	-0.346573590279973	0	0	0	0	0	0	0	0.346573590279973	0	0	0
Metazoa	Gruidae	0	0	0	0	0	0	0	0	0	0	0	0	0	0	0
Metazoa	Holocentridae	0	0	0	0	0	0	0	-0.243279064864899	0	0.855333223803211	0	0	0.162186043243266	-0.936426245424844	0.162186043243266
Metazoa	Apogonidae	0	0.530037309355648	0	0	0	0	-1.26172215987241	-0.163109871204298	0	1.22318448991559	0.684187989182906	0.124572201247483	0	0.124572201247483	-1.26172215987241
Metazoa	Labridae	-2.38503687116114	-0.392606706470937	-2.79050197926931	-1.28642458249303	-0.844591830213995	-0.844591830213995	0.366498441880805	0.127268752814971	-1.87421124739515	2.85494491837393	1.98862151384222	0.467594558752174	2.19310464243903	1.89624819371121	0.523684025403218
Metazoa	Myxinidae	0	0	0	0	0	0	0	0	0	0	0	0	0	0	0
Metazoa	Mormyridae	0	0	0	0	0	0	0	0	0	0	0	0	0	0	0
Metazoa	Osteoglossidae	0	-0.414151108298	-0.414151108298	-0.414151108298	0	0	0	0	0	0	0.972143252821891	0	-0.414151108298	0.68446118037011	0
Metazoa	Paridae	0	0	0	0	0	0	0	0	0	0	0	0	0	0	0
Metazoa	Lateolabracidae	-1.05244986302051	0.200313105474853	0	-1.74559704358046	0	-1.74559704358046	-1.05244986302051	-0.64698475491235	-1.74559704358046	1.89198911614593	1.29892539414296	0.45162753375576	2.06106544618986	1.75091051788602	0.333844498099376
Metazoa	Bovichtidae	0	0	0	0	-1.25406896357704	-0.337778231702884	-0.560921783017094	-0.0013059950816714	0	0.132225397542851	-0.0013059950816714	-0.848603855468875	1.48677106034816	1.38498836603822	0
Metazoa	Gasterosteidae	0	0	-1.01395546039123	0	-1.70710264095118	0	0	-0.320808279831287	0.238807508104135	0	-0.0976647285170775	0.595482452042868	1.0654860812886	0.238807508104135	1.00094756015103
Metazoa	Percidae	0	0	0	0	0	0	0	0	0	-0.214979152410159	0.701311579463996	-0.50266122486194	0.00816439890405074	0.00816439890405074	0
Metazoa	Serranidae	0	0	0	0	0	0	0	0	0	0	0	0	0	0	0
Metazoa	Equidae	0	0	0	0	0	0	0	0	0	0	0	0	0	0	0
Metazoa	Cynoglossidae	0	0	0	0	0	0	0	0	0	0	0	0	0	0	0
Metazoa	Paralichthyidae	0	0	0	0	0	-0.33043895999558	0	-1.02358614055553	-1.02358614055553	2.37761124110663	0	0	0	0	0
Metazoa	Pleuronectidae	0	0	0	0	0	0	0	-0.549306144334055	0	0	0	0	0	0.549306144334055	0
Metazoa	Scophthalmidae	0	0	0	-0.393834337895949	0	0	0	-0.393834337895949	0	0.299312842663996	0.858928630599419	-0.393834337895949	0.0116307702122156	0.0116307702122156	0
Metazoa	Soleidae	0	0	0	0	0	0	0	0	0	0	0	0	0	0	0
Metazoa	Polypteridae	0	0	0	0	0	0	0	0	0	0	0	0	0	0	0
Metazoa	Cebidae	0	0	0	0	0	0	0	0	0	0	0	0	0	0	0
Metazoa	Cercopithecidae	0	0	0	0	0	0	0	0	0	0	0	0	0	0	0
Metazoa	Hominidae	-1.96256372544301	-0.32883312043987	-3.56791165262559	-1.04627299356886	-2.90585505913568	0.25181702889293	1.26301092359318	1.74277784212478	0.704209004018791	0.913359896705764	2.04618425581085	0.155566389089598	1.21702581035136	0.165863121396237	1.35162227922951
Metazoa	Lepilemuridae	0	0	0	0	0	0	0	0	0	0	0	0	0	0	0
Metazoa	Caviidae	0	0	0	0	0	0	0	0	0	0	0	0	0	0	0
Metazoa	Cricetidae	0	0	0	0	0	0	0	0	0	0	0	0	0	0	0
Metazoa	Muridae	0	0	0	0	-0.366204096222703	0	0	0.326943084337242	-0.366204096222703	0	0.732408192445406	0.732408192445406	0	0	-1.05935127678265
Metazoa	Salmonidae	-0.930118916827249	-0.131910666636569	-2.15629243113338	-0.806365714184362	-1.27742810477834	-1.07137898682343	1.17445328957817	0.529748628477043	-2.02276103850885	1.47644849704136	1.25640321721615	-0.140029791075073	1.60443296344992	1.80121108879656	0.69358796540805
Metazoa	Salpidae	0	0	0	0	0	0	0	0	0	0	0	0	0	0	0
Metazoa	Lepisosteidae	0	0	0	0	0	0	0	0	0	0	0	0	0	0	0
Metazoa	Trichomycteridae	0	0	0	0	0	0	0	0	0	0	0	0	0	0	0
Metazoa	Sparidae	0	-1.13517222887713	-0.729707120768969	-1.82831940943708	-1.82831940943708	0	0.251122132242757	-0.218881497002979	-1.82831940943708	1.80926675028931	1.4297771285844	-0.218881497002979	2.02182819227298	1.5389764205494	0.736629948024458
Metazoa	Pyuridae	0	0	0	0	0	0	0	0	0	0	0	0	0	0	0
Metazoa	Mastacembelidae	0	0	0	0	0	0	0	-0.549306144334055	0	0	0	0	-0.14384103622589	0.549306144334055	0.14384103622589
Metazoa	Syngnathidae	0	0	0.346573590279973	0	0	0	0	0	0	0	0	0	0	0	-0.346573590279973
Metazoa	Tetraodontidae	0	0	0	0	0	0	0	0	0	0	0	0	0	0	0
Metazoa	Ambassidae	0	0	0	0	0	0	0	0	-1.68335047295934	0.955706856655919	0.108408996268715	0	0	0.619234620034706	0
Metazoa	Centropomidae	0	0	0	0	0	0	0	0	0	0	0	0	0	0	0
Metazoa	Moronidae	0	0	0	0	0	0	-0.924196240746594	0	0	0.462098120373297	0	0	0.462098120373297	0	0
Metazoa	Sciaenidae	0	0	0	-0.471528191888565	0	0	0	0	0	0.527000638222562	0.355150381295902	-0.114853247949833	0.290611860158331	-0.114853247949833	-0.471528191888565
Metazoa	Actiniidae	0	0	0	0	0	0	0	0	0	0	0	0	0	0	0
Metazoa	Edwardsiidae	-0.50869770547084	-0.116655617694816	-1.1626241728775	-0.7831345511726	-0.894360186282825	-0.395369020163837	0.261410516225234	0.297778160396109	0.27975965489343	0.506532974258219	1.45421001995304	-0.116655617694816	1.04311109412662	0.726773765914467	-0.592079314409891
Metazoa	Corynidae	0	0	0	0	0	0	0	0	0	0	1.52226121886171	0	0	0	-1.52226121886171
Metazoa	Hydractiniidae	-0.242355917178261	0	-0.935503097738207	0	-1.62865027829815	0	0.450791263381684	0.163109190929903	-0.935503097738207	2.30317535442617	0.769244994500219	0	0.673934814695894	-0.935503097738207	0.317259870757161
Metazoa	Hydridae	0	0	0	0	0	0	0	0	0	0	0	0	0	-0.346573590279973	0.346573590279973
Metazoa	Polyorchidae	0	0	0	0	0	0	0	0	0	0	0	0	0	0	0
Metazoa	Proboscidactylidae	0	0	0	0	0	0	0	0	0	0	0	0	0	0	0
Metazoa	Parvicapsulidae	0	0	0	0	0	0	0	0	0	0	0	0	0	0	0
Metazoa	Campanulariidae	0	-1.61207249054751	0	-2.30521967110745	-1.61207249054751	-0.359309522052141	0	-1.20660738243934	2.05148915558214	1.52342172538164	0.830274544821695	-1.20660738243934	0.785822782250862	3.11088073109697	0
Metazoa	Mitrocomidae	0	0	0	0	0	0	0	0	0	0	0	0	0	0	0
Metazoa	Sertulariidae	0	0	0	0	0	0	0	0	0	0	0	0	0	0	0
Metazoa	Pocilloporidae	0	0	0	0	0	0	0	0	0	0	0	0	0	0	0
Metazoa	Cyaneidae	0	0	0.306449654748594	0	0	-0.0990154533595702	0	0	-0.792162633919515	0	0	0.460600334575852	0	0	0.12412809795464
Metazoa	Pelagiidae	0	0	-0.458145365937077	0	0	0	0	0	0	0	0	0.458145365937078	0	0	0
Metazoa	Ulmaridae	-1.15228856770317	0	0.45714934473093	-0.459141387143224	0	0.639470901524885	0	0	0	0	0	0.793621581352143	0.639470901524885	-0.459141387143224	-0.459141387143224
Metazoa	Pyrostephidae	0	0	0	0	0	0	0	0	0	0	0	0	0	0	0
Metazoa	Beroidae	0	0	0	0	0	0	0	0	0	0	0	0	0	0	0
Metazoa	Bolinopsidae	-1.02218802237025	-0.174890161983042	-0.511362398604255	-0.734505949918465	0	0	-0.3290408418103	-1.02218802237025	-2.12080031103836	0.0764242662978645	1.77101998707227	0.823638668128085	0.823638668128085	0.712413033017861	1.70784108545074
Metazoa	Asteriidae	-0.0631328955522825	0.074437093541925	-2.35854949906772	-1.79893371113229	-1.6303109986965	-0.590887581418721	-0.0105814002258517	0.998845259936047	-0.23116849509876	1.71352510879435	1.77832987567832	-0.508970458950834	1.65331884133015	0.941247768152711	0.0328310927094613
Metazoa	Chaetonotidae	-0.549306144334055	0	0	0	0	0	0	0	0	0.549306144334055	0	0	0	0	0
Metazoa	Harrimaniidae	0	0	0	0	0	0	0	0	0	0	0	0	0	0	0
Metazoa	Aplysiidae	0	0	0	0	0	0	0	0	0	0	0	0	0	0	0
Metazoa	Ampullariidae	0	0	-0.346573590279973	0	0	0	0	0	0	0	0	0	0	0	0.346573590279973
Metazoa	Arcidae	0	0	0	0	0	0	0	0	0	0	0	0	0	0	0
Metazoa	Hydrobiidae	0	0	0	0	0	0	0	0	0	0	0	0	0	0	0
Metazoa	Littorinidae	0	0	0	0	0	0	0	0	0	0.0133811463509517	1.67160922295448	-1.37291321476894	0.236524697665162	0.82431136256728	-1.37291321476894
Metazoa	Rissoidae	0	0	0	0	0	0	0	0	-0.693147180559945	0	0	0	0	0.693147180559945	0
Metazoa	Myidae	0	0	0	0	0	-0.697543131798053	-0.00439595123810765	-0.00439595123810765	0.401069156870057	0	1.70035214100032	-0.697543131798053	0	-0.697543131798053	0
Metazoa	Pholadidae	0	-0.895879734614027	0	0	0	0	0	0	0	0	0	0	0	0.895879734614027	0
Metazoa	Mytilidae	-1.69647743252403	-1.42722252925042	-1.45772598354383	-1.70211125024229	-1.66332522520713	-1.33699743765769	0.0839824814500876	-0.458266054668977	-0.396683853539688	1.94435596252806	1.65066313147582	1.55206627557846	1.87810657698686	1.43779473754852	1.59184060106627
Metazoa	Buccinidae	0	0	0	0	0	0	0	0	0	0	0	0	0	0	0
Metazoa	Conidae	0	0	0	0	0	0	0	0	0	0	0	0	0	0	0
Metazoa	Bathyspinulidae	0	0	0	0	0	0	0	0	0	0	0	0	0	0	0
Metazoa	Nuculidae	0	0	0	0	0	0	0.231049060186648	-0.462098120373297	0	0	0.231049060186648	0	0	0	0
Metazoa	Octopodidae	0	0	0	0	0	0	0	0	0	0	0	0	0	0	0
Metazoa	Ostreidae	0	0	0	0	0	-1.66340809894538	0	-0.564795810277266	0	1.04464210215683	0.128351370282679	0.63917699404867	0.41603344273446	0	0
Metazoa	Pectinidae	-1.1962828422509	0	0	-0.503135661690951	0	0	0	0	0	1.69408891564527	0	0	0	1.20161243054747	-1.1962828422509
Metazoa	Helicidae	0	0	0	0	0	0	0	0.14384103622589	0	0	0	-0.14384103622589	0	0	0
Metazoa	Arcticidae	0	0	0	0	0	0	0	-0.693147180559945	0	0	0	0	0	0.693147180559945	0
Metazoa	Cardiidae	-1.5285590117928	-0.142264650672906	-1.5285590117928	0	0	0	0	0	0	0.869336261005574	1.51596342593063	0	0.550882529887039	0.263200457435259	0
Metazoa	Donacidae	0	0	0	0	0	0	0	0	0	0	0	0	0	0	0
Metazoa	Mactridae	0	-0.167343475541135	-1.95910294476919	0	0	-0.34966503233509	-0.0131927957138769	-0.5728085836493	-1.26595576420924	1.08541949295423	1.0366293287848	0.238121632567029	0.931268813126974	1.0366293287848	0
Metazoa	Pharidae	0	0	0	-0.767528364331349	0	0	-0.0743811837714032	0	0	0.841909548102752	0	0	0	0	0
Metazoa	Solenidae	0	0	0	0	0	0	0	0	0	0	0	0	0	0	0
Metazoa	Tellinidae	0	0	0	0	0	0	0	0	0	0	0	0	0	0	0
Metazoa	Lottiidae	0	0	0	0	-0.794513457586986	0	0	0.304098831081123	0	0	0	-0.101366277027041	0	0	0.591780903532904
Metazoa	Lymnaeidae	0	0	0	0	0	0	0	0	0	0	0	0	0	0	0
Metazoa	Pachychilidae	0	0	0	0	0	0	0	0	0	0	0	0	0	0	0
Metazoa	Monhysteridae	0	0	0	0	0	0	0	0	0	0	0	0	0	0	0
Metazoa	Onchocercidae	0	0	0	0	-1.24451525361427	-0.551368073054328	0	0	0.00824771488109466	0	0	0.834926288065563	0	0	0.952709323721946
Metazoa	Oxyuridae	0	0	0	0	0	0	0	0	0	0	0	0	0	0	0
Metazoa	Rhabditidae	0	0	-1.0891772066724	0	0	0	0	0	0.00943508199571186	0	0	-0.396030026112453	0	1.47577215078914	0
Metazoa	Strongyloididae	-1.20907047673787	0	0	0	0	0	-0.515923296177924	0	0	0	0	0.736839672317444	0	0.98815410059835	0
Metazoa	Toxocaridae	0	0	0	0	0	0	0	0	0	0	0	0	0	0	0
Metazoa	Ancylostomatidae	0	0	0	0	0	0	0	0	-0.828302216596	0	0	0.55799214452389	0	0	0.27031007207211
Metazoa	Haemonchidae	0	0	0	0	0	-0.32733332999594	0	0	0	0	0	0.18349229377005	0	0.18349229377005	-0.0396512575441597
Metazoa	Heligmosomatidae	0	0	0	0	0	0	0	0	0	0	0	0	0	0	0
Metazoa	Strongylidae	0	0	0	0	0	0	0	0	0	0	0	0	0	0	0
Metazoa	Trichoplacidae	-1.21368511764882	-0.520537937088877	0	0	0	0	0	0	0	0	1.27122153213918	-0.115072828980712	0	0.578074351579233	0
Metazoa	Diphyllobothriidae	0	0	0	0	0	0	0.0585663144729816	0.0585663144729816	-1.04004597419513	0	0	-1.04004597419513	0.0585663144729816	0	1.90439300497131
Metazoa	Dicrocoeliidae	0	0	0	0	0	0	0	0	0	0	0	0	0	0	0
Metazoa	Fasciolidae	0	0	0	0	0	0	0	0	0	0	0	0	0	0	0
Metazoa	Prosthiostomidae	0	0	0	0	0	0	-0.733168534396713	0	0	0	0	0	0	0.733168534396714	0
Metazoa	Polystomatidae	-0.593489419561959	-0.188024311453794	0	-0.188024311453794	-1.2866366001219	0	-0.593489419561959	0.0996577609979865	0	0.659273548933409	0.792804941557932	0	1.1982700496661	0.0996577609979865	0
Metazoa	Plagiostomidae	0	0	0	0	0	0	0	0	0	0	0	0	0	0	0
Metazoa	Monocelididae	0	0	0	0	0	0	0	0	0	0	0	0	0	0	0
Metazoa	Promesostomidae	0	0	0	0	0	0	0	0	0	0	-2.14084549464331	0.364680442347429	0	0	1.77616505229588
Metazoa	Provorticidae	0	0	0	0	0	0	0	0	0	-1.826879641114	2.2674649211081	0	0	-0.440585279994107	0
Metazoa	Solenopharyngidae	0	0	0	0	0	0	0	0	0	0	0	0	0	0	0
Metazoa	Trigonostomidae	0	0	0	0	0	0	0	0	0	0	0	0	0	0	0
Metazoa	Umagillidae	0	0	0	0	0	0	0	0	0	0	0	0	0	0	0
Metazoa	Schistosomatidae	0	0	0	0	0	0	0	0	0	0	0	0	0	0	0
Metazoa	Dictyonellidae	0	0	0	0	0	0	0	0	0	0	0	0	0	0	0
Metazoa	Clathrinidae	0	0	0	0	0	0	0	0	0	0	0	0	0	0	0
Metazoa	Niphatidae	0	0	0	0	0	0	0	0	0	0	0	0	0	0	0
Metazoa	Priapulidae	0	0	0	0	0	0	-0.967800252726973	0	0	0	0.823959216501082	0	0	0.418494108392918	-0.274653072167027
Metazoa	Brachionidae	0	0	0	0	0	0	0	0	0	0	0	0	0	0	0
Metazoa	Proalidae	0	0	0	0	0	0	0	0	0	0	0	0	0	0	0
Metazoa	Trichocercidae	0	0	0	0	0	0	0	0	0	0	0	0	0	0	0
Metazoa	Ramazzottiidae	0	0	0	0	0	0	0	0	0	0	0	0	0	0	0
Metazoa	Childiidae	0	0	0	0	0	0	0	0	0	0	0	0	0	0	0
Metazoa	Convolutidae	0	0	0	0	0	0	0	0	0	0	0	0	0	0	0
Metazoa	Mecynostomidae	0	0	0	0	0	0	0	0	0	0	0	0	0	0	0
Metazoa	Sagittiferidae	0	0	0	0	0	0	0	0	0	0	0	0	0	0	0
Viridiplantae	Bryopsidaceae	-0.317856372612058	0.152147256633677	0	-1.92729428504616	0	-1.92729428504616	0.152147256633677	1.11722815267726	0	1.36854258095817	1.68362362759807	-1.92729428504616	0.557612364741842	1.06843798850783	0
Viridiplantae	Ostreobiaceae	0	0	0	0	0	0	0	0	0	0	0	-0.366204096222703	0.732408192445406	0	-0.366204096222703
Viridiplantae	Chaetopeltidaceae	0	0	0	0	0	0	0	0.202732554054082	0	0	0	-0.202732554054082	0	0	0
Viridiplantae	Chaetophoraceae	0	0	0	0	0	0	0	0	0	0	0	0	0	0	0
Viridiplantae	Uronemataceae	0	0	0	0	0	0	0	0	0	0	0	0	0	0	0
Viridiplantae	Chlamydomonadaceae	-1.24804436238499	-1.4711879136992	-1.4711879136992	0	-2.16433509425914	-1.24804436238499	0.233560178539227	-0.459587002020719	0	1.66430630222995	1.92164121829244	1.48632314703459	1.30140080854058	0.361393550049111	1.09376144376234
Viridiplantae	Chlorococcaceae	0	0	0	0	0	0.549306144334055	-0.549306144334055	0	0	0	0	0	0	0	0
Viridiplantae	Dunaliellaceae	0	0	0	0	0	-0.447939867307014	0	0	0	0	0	0.650672421361096	0	0.245207313252932	-0.447939867307014
Viridiplantae	Haematococcaceae	0	0	0	0	0	0	0	0	0	0	0	0	0	0	0
Viridiplantae	Phacotaceae	0	0	0	0	0	0	0	0	-0.231049060186648	0	0	0.462098120373297	0	0	-0.231049060186648
Viridiplantae	Volvocaceae	0	0	0	0	0	0	0	0	0	0	-0.621226662447	0.0719205181129452	0	0.47738562622111	0.0719205181129452
Viridiplantae	Chlorellaceae	-1.22019809278991	-0.527050912229968	0	-0.121585804121803	0	0	0.7257120562654	0.7257120562654	-0.527050912229968	-0.121585804121803	0.571561376438142	-0.527050912229968	0.166096268329978	0.977026484546307	-0.121585804121803
Viridiplantae	Oocystaceae	0	0	0	0	0	0	0	0	0	0	0	0	0	0	0
Viridiplantae	Chlorodendraceae	-1.0635374561412	-0.658072348033036	0	0	0	0	0.0350748325269092	-1.75668463670115	0	0.882372692914113	-0.658072348033036	1.01590408553864	1.23904763685285	0.641210636097225	0.32275690497869
Viridiplantae	Chloropicaceae	0	0	0	0	-0.529675638391324	0	-0.529675638391324	0.856618722728566	0.163471542168621	0	0	0	-0.529675638391324	0	0.568936650276786
Viridiplantae	Chlorosarcinaceae	0	0	0	0	0	0	0	0.27031007207211	-0.135155036036055	0	0	0	0	-0.135155036036055	0
Viridiplantae	Cladophoraceae	-0.825300982211411	-0.196692322789036	0	-0.958832374835933	-0.602157430897201	0	1.0072804815369	-0.265685194275988	-1.51844816277136	2.79570104949944	1.37192359512481	-1.80613023522314	2.5883189194493	1.31476518128486	-2.90474252389125
Viridiplantae	Pithophoraceae	-0.342464857705171	-0.437775037509496	0	-0.794449981448229	-2.0472129499436	0	0.626935699482932	0.255372143050449	-2.0472129499436	3.01538208308337	1.7814284465455	-0.794449981448229	2.52749802855979	0.997309487779826	-2.74036013050354
Viridiplantae	Siphonocladaceae	-0.991886876773832	-0.180956660557503	-0.768743325459622	0.329868963208487	-1.27956894922561	0	0.712861215464593	-1.68503405733378	-2.37818123789372	2.79796849468011	-0.432271088838409	0	2.85292737896086	1.02301614376843	0
Viridiplantae	Polyphysaceae	0	0	0	0	0	0	0	0	0	0	0	0.458145365937078	0	0	-0.458145365937077
Viridiplantae	Crustomastigaceae	0	0	0	0	0	0	0	0	0	0	0	0	0	0	0
Viridiplantae	Ignatiaceae	0	0	0	0	0	0	0	0	0	0	0	0	0	0	0
Viridiplantae	Bathycoccaceae	0.74715567457376	0.918737418307417	0.572802287428981	0.799045630320794	0.90552488128287	0.80455743337926	1.3473199907545	1.61713343610733	0.997672692435293	-1.02846135878536	-1.46746296660509	-1.68547029634538	-0.869881787475872	-1.55535591873263	-2.10331711664588
Viridiplantae	Mamiellaceae	0.92253491954313	1.23335812415019	0.583131008230076	1.10329182631058	1.12818854808032	0.887017513729706	2.2975353539128	2.38338913887119	1.35459875516331	-1.39397491291941	-1.49756032058057	-2.07206585789079	-2.01172636652346	-2.30780864110051	-2.60990908897656
Viridiplantae	Marsupiomonadaceae	0	-0.358351893845611	0.0471132142625534	0	0	0	-1.05149907440556	0	0	0	0.334795286714334	0	0	1.02794246727428	0
Viridiplantae	Microthamniaceae	0	0	0	0	0	0	0	0	0	0	0	0	0	0	0
Viridiplantae	Monomastigaceae	0	0	0	0	0	0	0	0	0	0	0	0	0	0	0
Viridiplantae	Nephroselmidaceae	0	0	0	0	0	0	0	0	0	0	0.473629800796456	0.792083531914991	0	-1.60581174088338	0.340098408171933
Viridiplantae	Oltmannsiellopsidaceae	0	-0.549306144334055	0	0	0	0	0	0.549306144334055	0	0	0	0	0	0	0
Viridiplantae	Palmophyllaceae	0	0	0	0	0	0	0	0.326943084337242	0	0.0392610118854613	0	0	0	0	-0.366204096222703
Viridiplantae	Prasinococcaceae	0	0	0.625569662541918	0	0	-0.0675775180180274	-0.760724698577973	0.625569662541918	0	0	0.337887590090137	-0.760724698577973	0	0	0
Viridiplantae	Prasiolaceae	0	0	0	0	0	0	0	0	0	0	0.601986402162968	0	0	0	-0.601986402162968
Viridiplantae	Protosiphonaceae	0	0	0	0	0	0	0	0	0	0.00939029232223221	-0.172931264471722	0.16354097214949	0	0	0
Viridiplantae	Pterospermataceae	0	0	0	0	0	0	0	0	0	0	-1.03972077083992	0	1.03972077083992	0	0
Viridiplantae	Pyramimonadaceae	-1.17877367205213	-0.444804496971927	-1.58423878016029	-1.46645574450391	-2.56506803317202	-1.09873096437859	0.0251991322738085	0.164961074648967	-0.955630120737918	1.43006987896663	2.12627984905713	1.27796210076918	1.3535995149748	1.65932965729828	1.256300603988
Viridiplantae	Hydrodictyaceae	0	0	0	0	0	0	0	0	0	0	0.549306144334055	0	0	0	-0.549306144334055
Viridiplantae	Neochloridaceae	0	0	0	0	0	0	0	0	0	0	0	0	0	0	0
Viridiplantae	Radiococcaceae	0	0	0	0	0	0	0	-0.101366277027041	0	0	0	-0.101366277027041	-0.101366277027041	0	0.304098831081123
Viridiplantae	Scenedesmaceae	0	-1.06212381051234	0	0	0	0	0	0	0	0	0.547314101921761	-0.368976629952394	0	0	0.883786338542974
Viridiplantae	Selenastraceae	0	0	0	-0.760724698577973	0.625569662541918	0	0	0	0	-0.0675775180180274	0	0	-0.0675775180180274	1.03103477065008	-0.760724698577973
Viridiplantae	Sphaeropleaceae	0	0	0	0	0	0	0	0	0	0	0	-0.346573590279973	0	0	0.346573590279973
Viridiplantae	Trebouxiaceae	-0.919183708380847	0	-2.01779599704896	-2.01779599704896	0	0	0	-0.631501635929067	-2.01779599704896	1.53755206444046	0.380099275749413	2.65503283741295	0.621261332566301	0.179428580287262	2.2306992450004
Viridiplantae	Chlorocystidaceae	0	0	0	0	0	0	0	0	-1.14448888074365	0	0.647270588484408	-0.451341700183702	0.241805480376244	1.1580962122504	-0.451341700183702
Viridiplantae	Helicodictyaceae	0	0	0	0	0	0	0	0	0	0	0	0	0	0	0
Viridiplantae	Tupiellaceae	0	0	0	0	0	0	0	0	0	0	0	0	0	0	0
Viridiplantae	Ulotrichaceae	0	-1.23973058834072	0	0	0	0	-1.23973058834072	0	0	0	-0.546583407780773	0.369707324093382	0.369707324093382	2.28662993627544	0
Viridiplantae	Kornmanniaceae	0	0	0	0	0	0	0	0	0	0	0	0	-0.202732554054082	0.202732554054082	0
Viridiplantae	Ulvaceae	-0.492067504068988	-0.348966660428315	-1.80425389303516	-0.774634475853998	-0.686773120062664	-1.3706179079603	1.16689290504622	-0.303356149176262	-1.53096055803548	2.01502706069437	1.16981688373766	-0.102106582496789	1.86369372503774	1.22518943786115	-0.0268831612592013
Viridiplantae	Ulvellaceae	0	0	0	0	0	0	0	0	-0.597253156409352	0	0.501359132258758	0	0	0.0958940241505937	0
Viridiplantae	Pycnococcaceae	-0.343350697594284	0.254486303161336	-0.176296612931118	-1.64263368172455	-0.343350697594284	-0.102188640777396	1.82310222107518	1.52143390664866	0.692741234092491	-0.438660877398609	1.26608721483982	0.0919673736635613	-0.9494865011646	0.394248245536495	-2.04809878983271
Viridiplantae	Araceae	0	0	0	0	0	0	0	0	0	-0.80471895621705	0	0	0	0	0.80471895621705
Viridiplantae	Zosteraceae	-1.66815593927901	-0.0587180268449052	-1.4168415109981	-1.31148099534027	-2.22777172721443	-0.117558526867839	-0.669627109167878	-0.906015887232109	-1.12915943854632	1.87899535500623	1.26113123486683	1.0398942618232	1.81965591521992	1.89936265783066	1.60628973674401
Viridiplantae	Amborellaceae	0	0	0	0	0	0	0	0	0	1.1945063128187	-0.597253156409352	-0.597253156409352	0	0	0
Viridiplantae	Apiaceae	0	0	0	0	0	-0.226995986567797	0	-0.226995986567797	0	0	1.71891416248752	-0.632461094675961	-0.632461094675961	0	0
Viridiplantae	Aquifoliaceae	0	0	0	0	0	0	0	0	0	0	0	0	0	0	0
Viridiplantae	Arecaceae	0	0	0	0	0	0	0	0	-0.14384103622589	0	0	0.14384103622589	0	0	0
Viridiplantae	Amaryllidaceae	0	0	0	0	0	0	0	0	0	0	0	0	0	0	0
Viridiplantae	Asteraceae	0	0	0	0	0	0	2.37023204099294	0	0	0	0	0	0	-0.086503731828361	-2.28372830916458
Viridiplantae	Schisandraceae	0	0	0	0	0	0	0	0	0	0	0	0	0	0	0
Viridiplantae	Brassicaceae	-1.23028422060053	0	0	0	0	-1.23028422060053	0.561475248627529	-0.537137040040581	-1.23028422060053	1.60292912345569	-0.537137040040581	0.715625928454787	1.16761105219784	-0.131671931932417	0.849157321079309
Viridiplantae	Chlorokybaceae	0	0	0	0	0	0	0	0.346573590279973	0	0	0	0	0	-0.346573590279973	0
Viridiplantae	Chaetosphaeridiaceae	0	0	0	0	0	0	0	0	0	0	0	0	0	0	0
Viridiplantae	Cucurbitaceae	0	-0.549306144334055	0	0	0	0	0	0	0	0.549306144334055	0	0.549306144334055	0	0	-0.549306144334055
Viridiplantae	Cupressaceae	0	0	0	0	0	0	0	0	0	0	0	0	0	0	0
Viridiplantae	Closteriaceae	0	0	0	0	0	0	0	0	0	0	0	0	0	0	0
Viridiplantae	Desmidiaceae	0	0	0	0	0	0	0	0	0	0	0	0	0	0	0
Viridiplantae	Dioscoreaceae	0	0	-0.492530789586596	0	0	-0.291860094124444	-1.99660818636287	-1.08031745448871	1.29922867964146	0	-0.89799589769476	2.18544195627834	0	-1.30346100580292	2.57810279214051
Viridiplantae	Theaceae	0	0	0.346573590279973	0	0	-0.346573590279973	0	0	0	0	0	0	0	0	0
Viridiplantae	Fabaceae	-0.688287072082809	-0.688287072082809	0.228003659791346	0	0	-1.38143425264275	-1.38143425264275	0.00486010847713647	0.228003659791346	-0.282821963974644	2.17391380884666	0.228003659791346	1.10347239714525	-1.38143425264275	1.83744157222545
Viridiplantae	Betulaceae	0	0	0	0	0	0	0	0	0	-0.138629436111989	0.554517744447956	0.554517744447956	0	-0.831776616671934	-0.138629436111989
Viridiplantae	Fagaceae	0	-2.14685621975656	0	0	0	-0.760561858636668	0	0	0	0	0.625732502483222	1.28713098472859	0	-1.04824393108845	2.04279852226987
Viridiplantae	Juglandaceae	0	0	0	0	0	0	0	0	0	0	0	0	0	0	0
Viridiplantae	Oleaceae	0	0	0	0	0	0	0	0	0	0	0	0	0	0	0
Viridiplantae	Orobanchaceae	0	0	0	0	0	0	0	0	0	0	0.231049060186648	0	0	-0.462098120373297	0.231049060186648
Viridiplantae	Magnoliaceae	0	0	0	0	0	0	0	0	0	0	0	0	0	0	0
Viridiplantae	Euphorbiaceae	0	0	-0.693147180559945	0	0	0	0	0	0	0	0	0	0	0.693147180559945	0
Viridiplantae	Linaceae	0	0	0	0	0	0	0	0	0	0	0	0	0.202732554054082	0	-0.202732554054082
Viridiplantae	Salicaceae	-0.220292639997053	0	0	0	0	-0.913439820556999	0	0	-0.913439820556999	0.185172468111111	0	0.695998091877102	0	0	1.16600172112284
Viridiplantae	Malvaceae	-1.28982925829103	-1.28982925829103	-1.28982925829103	0	0	0	0	-1.28982925829103	-0.191216969622923	0.789612283388803	0.0964651028288579	1.19507739149697	1.41822094281118	0.0964651028288579	1.75469317943239
Viridiplantae	Marchantiaceae	0	0	0	0	0	0	0	0	0	0	0	0	0	0	0
Viridiplantae	Lythraceae	0	0	0	0	0	0	0	0	0	0	0	0	0	0	0
Viridiplantae	Myrtaceae	0	-0.599146454710798	0	0	0	0	0	0.787147906409092	0.317144277163357	0	0.787147906409092	0	0	0	-1.29229363527074
Viridiplantae	Orthotrichaceae	0	0	0	0	0	0	0	0	0	0	0	0	0	0	0
Viridiplantae	Pinaceae	0	0	0	0	0	0.000944463191407285	-1.94496568586391	0	-1.25181850530396	-0.558671324744015	1.81623442982966	0.539940963924094	0.945406072032259	0	0.452929586934465
Viridiplantae	Bromeliaceae	0	0	0	0	0	0	-0.693147180559945	0	0	0	0	0	0.693147180559945	0	0
Viridiplantae	Poaceae	-0.204134487435635	-1.70821188421191	-1.42052981176013	-2.80682417288002	-1.89053344100586	-0.0987739717778089	0.0263891711761972	-0.666758009383748	1.8753070542442	0.704721265951001	1.40530342499847	2.16645533467247	0.906747893824289	0.11094655920426	1.59989507438423
Viridiplantae	Moraceae	0	0	0	0	0	0	0	0	0	0	0	0	0	0	0
Viridiplantae	Rhamnaceae	0	0	0.346573590279973	0	0	0	0	0	-0.346573590279973	0	0	0	0	0	0
Viridiplantae	Rosaceae	0	-0.573010379716419	-0.167545271608254	0	-1.95930474083631	0	-0.573010379716419	0.438590531962061	-0.8606924521682	0	0.120136800843526	1.754267325868	-0.8606924521682	1.08521769688711	1.5960433206531
Viridiplantae	Ulmaceae	0	0	0	0	0	0	0	0	0	0	0	0	0	0	0
Viridiplantae	Rutaceae	0	0	0	0	0	-0.135155036036055	0	0	0	0	0.27031007207211	-0.135155036036055	0	0	0
Viridiplantae	Sapindaceae	0	0	-0.470275051432696	0	0	0	0	0	-0.470275051432696	0	0	0.782487917062672	0	-0.470275051432696	0.628337237235414
Viridiplantae	Crassulaceae	0	0	0	0	0	0	0	0	0	0	0	0	0	0	0
Viridiplantae	Convolvulaceae	0	0	0	0	0	0	0	0	0	0	0	0	0	0	0
Viridiplantae	Solanaceae	0.874792940493369	-2.0155788174028	0.980153456151195	0	0	2.31515452288354	0	2.26108730161326	-2.0155788174028	-0.223819348174741	0	-0.406140904968695	-2.0155788174028	-1.32243163684285	1.56794012105331
Viridiplantae	Vitaceae	0	0	0	0	0	0	0	0	-0.366204096222703	0	0	0.732408192445406	0	-0.366204096222703	0
Viridiplantae	Musaceae	0	0	0	0	0	0	0.937803572253346	-0.671634340180755	0	0	0	0	-0.266169232072591	0	0
Viridiplantae	Zygnemataceae	0	0	0	0	0	0	0	0	0	0	0	0	0	0	0
Undefined	Selenidiidae	0	0	0	0	0	0	0	0	0	0	0	0	0	0	0
Undefined	Eimeriidae	0	0	0	0	0	0	0.895879734614027	0	0	0	0	0	0	0	-0.895879734614027
Undefined	Sarcocystidae	0	0.585546432447371	-0.107600748112574	0	0	-0.513065856220739	0	1.09637205621336	-1.20621303678068	0	0.180081324339207	0	-0.107600748112574	-1.20621303678068	1.27869361300732
Undefined	Cephaloidophoridae	0	0	0	0	-0.874077011931679	0	0	0.735360900502421	0	2.13818456357352	-0.0267791515444755	0	-1.97268930059979	0	0
Undefined	Lecudinidae	0	0	0	0	0	0	0	0	0	0	0	0	0	0	0
Undefined	Uradiophoridae	0	0	0	0	0	0	0	0	0	0.312921195908738	-0.315687463513636	0.00276626760489851	0	0	0
Undefined	Plasmodiidae	0	0	0	0	0	0	-0.783791752387826	-0.783791752387826	0	0	0.468971216107542	0.314820536280284	0.468971216107542	0.314820536280284	0
Undefined	Babesiidae	0	0	0	0	0	0	0	-0.895879734614027	0	0	0	0	0	0	0.895879734614027
Undefined	Anaulaceae	-0.960063941044124	0.525321322719997	-1.04707531803375	-2.75182341027218	-1.83553267839802	-3.03950548272396	-0.704130566906923	0.138548347623986	-0.641610209925589	1.39131131611935	2.09236367618641	0.859094502372045	1.98217964755888	2.49782878429458	1.4930940104293
Undefined	Bacillariaceae	-0.296447375146567	0.814276802159367	-0.808846563359988	-3.12730500551032	-3.45580907248236	-2.97888500039205	-0.603177642569042	-0.223688020864139	-0.745908732091989	1.27034888504926	2.38515553015462	1.35139451642382	1.93958459013581	2.84324229334227	1.63606479515131
Undefined	Biddulphiaceae	-1.16403409607834	0.271050429210985	-0.981712539284383	0	0	0	-0.981712539284383	-2.08032482795249	-0.981712539284383	-0.0654218074102282	1.55726133177389	0.170966970654002	1.41618273351399	1.89935682594947	0.94010005819187
Undefined	Acanthocerataceae	-0.867613002806964	0.230999285861146	-1.00114439543149	-1.56076018336691	-1.84844225581869	-2.9470545444868	-0.307997214871541	-0.549159271688429	-0.74982996715058	0.63646439396931	2.18874389256346	1.40965428220279	1.58554494866646	2.27330128059152	1.50729275176671
Undefined	Attheyaceae	-0.769627134522405	-0.0987857114767579	-1.05730920697419	-2.1559214956423	-2.90969329801868	-2.90969329801868	-0.12932243533684	0.333875139439897	-0.0912950397476004	1.62826813827597	2.21054350599266	1.40445591425212	1.42759744281381	1.90350680147358	1.21340067748941
Undefined	Chaetocerotaceae	-0.644822169178813	0.12777582794535	-0.724864876852349	-2.56791764046795	-3.11446134683602	-2.07836941514925	-0.229152890896406	0.211228482317986	-0.226618035293218	1.28390828331438	1.95929100405043	1.19205773532971	1.67718840609469	1.92749641838927	1.20726021723222
Undefined	Achnanthidiaceae	0	-0.597253156409352	0	0	0	0	0	0	0	0	0	0	0.0958940241505937	0.501359132258758	0
Undefined	Cocconeidaceae	0	0	0	0	0	0	0	0	0	0	0	0	0	0	0
Undefined	Aulacodiscaceae	0	0	0	0	0	0	0	0	0	0	0	0	0	0	0
Undefined	Coscinodiscaceae	-0.344183500332116	0.746824188950773	-0.602012609634216	-3.02976084558227	-4.82152031481032	-1.56342377678884	-1.10794824810602	0.053677008390828	-0.678385588418791	1.71661950895735	2.3539693988139	0.902064787142058	2.42627226695752	2.78287603398601	1.16493169047411
Undefined	Heliopeltaceae	0	0	0	0	0	0	0	0	0	0	0	0	0.202732554054082	-0.202732554054082	0
Undefined	Hemidiscaceae	-2.03131597131515	-0.645021610195261	-0.645021610195261	0	-0.932703682647042	-2.03131597131515	0	0.271269121678894	-0.932703682647042	0.165908606021067	1.81883163039491	1.52403209017426	0.366579301483219	2.0117352965194	1.05972648204316
Undefined	Cyclophoraceae	0	-1.2016903822512	0	0	0	0	0	0.184603978868689	0	0.407747530182899	0.407747530182899	0	0.407747530182899	0.995534195085018	-1.2016903822512
Undefined	Cymatosiraceae	-1.45264861081379	0.0979488015973797	-1.60679929064105	0	0	0	-1.09597366687505	-1.45264861081379	-0.9136521100811	0.835547744728159	1.41362559550332	0.472642251038791	1.30192160592332	1.53591517326159	0.864121117172215
Undefined	Anomoeoneidaceae	0	0	0	0	0	0	0	-1.0817861407172	0	0.422291256059077	0.304508220402693	-0.388638960157252	0.304508220402693	0.422291256059077	0.016826147950912
Undefined	Cymbellaceae	0	0	0	0	0	0	0	0	0	0	0	0	0.610860487916103	-0.305430243958052	-0.305430243958052
Undefined	Gomphonemataceae	-0.169460272121157	0.316047543660544	-1.15028952513288	0	-1.55575463324105	-2.24890181380099	-0.457142344572937	-0.457142344572937	-2.24890181380099	1.53528782011727	2.23973455593115	0.148993458997378	1.60124578790907	1.86197205037232	0.584311530255224
Undefined	Rhoicospheniaceae	-1.24001047888281	-1.24001047888281	0	0	0	0	-0.392712618495607	-0.392712618495607	0	1.55319753055971	1.12711313524881	-0.259181225871084	0.957214098453409	1.12711313524881	-1.24001047888281
Undefined	Eunotiaceae	-1.28042084407203	-0.250801426890872	-1.09809928727808	0	-2.19671157594618	0	-1.79124646783802	-0.587273663512084	-1.28042084407203	1.26902432685354	1.68485222199725	0.575877146293597	1.74487023172351	1.83752906220621	1.37282112053519
Undefined	Eupodiscaceae	0	0	-1.51882467099459	0	0	0	0	0	0	0.678399906341631	0	-0.420212382326479	0.272934798233466	0.427085478060724	0.560616870685247
Undefined	Fragilariaceae	-1.23020795315376	0.412019782103332	-1.23020795315376	-3.02196742238181	-3.02196742238181	-3.02196742238181	-0.624072149583444	0.443768480417912	-0.624072149583444	1.48889208413504	2.40298259509959	1.48889208413504	2.24589073668151	2.53486063931772	1.75715607072972
Undefined	Staurosiraceae	0	0	0	0	0	0	0	0	0	0.211418554243918	-0.481728626316027	-0.481728626316027	0.616883662352082	-0.481728626316027	0.616883662352082
Undefined	Bellerocheaceae	0	0	0	0	0	0	0	0	0	0	0	0	0	0	0
Undefined	Hemiaulaceae	-0.64925569033204	0.183173617540752	-0.758300685120364	-2.4241077453708	-2.94883627430579	-3.5650224137296	-0.376224044098681	-0.220983445907397	-0.404089624161769	1.85592220337498	2.29439112592429	1.15198725401402	2.10287698154832	2.34777964560249	1.41068909502158
Undefined	Leptocylindraceae	-0.494722473874106	0.530957345302973	-0.897324711432593	-2.46149085304983	-3.24016020704794	-3.71016383629367	-0.37185554318045	-0.135413387657508	-0.687650540062038	2.16829197431823	2.29759579330081	0.940525864995729	2.29668181285261	2.38359940100773	1.38112936082004
Undefined	Licmophoraceae	-1.28962671870262	1.05217908744471	-2.20591745057678	-2.89906463113672	-1.28962671870262	-1.80045234246861	-1.51277027001683	-0.12647590889694	-0.953154482081408	1.61179487538013	2.45279350233935	0.319811193731479	2.42881153765286	2.69192234937413	1.51977597665988
Undefined	Ulnariaceae	-1.24356521951917	0.695176440057534	-0.981200955051675	-2.4475380238451	-2.29338734401784	-1.29485851390672	-0.601711333346771	-0.327274487645011	-0.943460627068828	0.942486057218928	2.41999642661048	0.680683432754968	1.90488814105249	2.22373196384751	1.26603404285921
Undefined	Lithodesmiaceae	-0.47786413074441	0.150171298510362	-0.642576598622777	-2.02887095974267	-2.61936398624253	-3.07483951492536	-0.424853114777906	0.203755544644467	-0.444058094613957	1.24162243125564	2.00799717305404	1.32812032941499	1.66338117884991	2.01251937521509	1.1048590687251
Undefined	Achnanthaceae	-1.15844417534124	1.01060952502828	0	-1.44612624779303	-2.54473853646114	0	0	-0.146843263662765	-1.44612624779303	0.85645884520102	1.92116958219345	-0.465296994781299	1.99855624580887	2.17376033483396	-0.75297906723308
Undefined	Mastogloiaceae	0	-0.145857245435164	0	0	0	0	0	0	0	0	-0.656682869201154	0	0.0364643113587908	0.729611491918736	0.0364643113587908
Undefined	Endictyaceae	0	0	0	0	0	0	0	0	0	0	0	0	0	0	0
Undefined	Hyalodiscaceae	0	-0.549306144334055	0	0	0	0	0	0	0	0	0	0	0	0.549306144334055	0
Undefined	Melosiraceae	0	0	0	0	0	-1.32401464130607	0	0	0	0	0.285423271128029	0	0.467744827921984	1.89486118356213	-1.32401464130607
Undefined	Stephanopyxidaceae	0	0	0	0	0	0	0	0	0	0	0	0	0	0	0
Undefined	Amphipleuraceae	-1.99459434802898	-0.964974930847822	-0.964974930847822	-2.50541997179497	0	-1.20613698766471	-0.713660502566916	-0.1075246989966	-0.89598205936087	1.74307527025439	1.7986451214092	0.506841603710231	1.62171441325012	2.23077847659952	1.45221354488523
Undefined	Berkeleyaceae	0	-0.168253673485071	-1.77769158591917	0	0	0	0	-1.08454440535923	-1.08454440535923	0	1.5896042440673	-0.679079297251062	1.26683085180425	1.51814528008516	0.419532991417048
Undefined	Diploneidaceae	0	0	0	0	0	0	-0.417587656165123	0	0	0	0.1420281317703	0	0.275559524394823	0	0
Undefined	Naviculaceae	-0.80710156221986	1.00527719421093	-1.65439942260706	-1.69695903702586	-2.43455798015664	-1.69695903702586	-0.450426618281129	-0.673570169595338	-0.900627620230684	1.4058713720845	2.0872305968924	0.70093623577251	1.80349330273164	2.11356073814422	1.19823200730625
Undefined	Neidiaceae	0	-0.70808254034156	0	-0.70808254034156	0	0	0	0	-0.0149353597816144	0	0.901355372092541	0	1.23782760871375	-0.70808254034156	0
Undefined	Phaeodactylaceae	-0.254945426381152	-0.0318018750669422	-2.15206541126703	-3.25067769993514	-0.948092606941097	-3.25067769993514	0.738306346629132	0.0451591660691864	0	2.87181510957924	2.71546903918855	-0.0318018750669422	1.96425805767384	1.61685675052044	-0.0318018750669422
Undefined	Pinnulariaceae	0	0.0196305059427306	0	0	0	0	0	0	0	0.712777686502676	0	-1.07898178272538	0.0196305059427306	0.307312578394511	0.0196305059427306
Undefined	Plagiotropidaceae	0	0	0	0	0	0	0	0	0	0	0	0	0	0	0
Undefined	Proschkiniaceae	-0.149917343486343	0.0324042133076119	0	0	-0.373060894800552	0	-0.373060894800552	-1.75935525592044	0	0.879702073694815	0.18655489313487	0.543229837073603	0.948694945181767	0.725551393867557	-0.660742967252333
Undefined	Scoliotropidaceae	0	0	0	0	0	0	0	0	0	0	0	0	0	0	0
Undefined	Sellaphoraceae	0	-0.5364793041447	0	0	-0.5364793041447	0	0	0	0	0	0	0	0	1.0729586082894	0
Undefined	Stauroneidaceae	0	0	0	0	0	0	0	0	0	0	0	0	0	0	0
Undefined	Grammatophoraceae	0	-0.761871436764561	0	0	0	0.0854264236226427	0	0	0	0.442101367561375	0.5374115473657	-1.86048372543267	-0.25104581299857	1.47172078474253	0.336740851903549
Undefined	Rhabdonemataceae	0	0	0	0	0	0	0	-1.15129254649702	0	0	0	0	0	0	1.15129254649702
Undefined	Rhaphoneidaceae	0	0	0	0	0	0	0	-0.519860385419959	0	1.55958115625988	0	-0.519860385419959	0	0	-0.519860385419959
Undefined	Rhizosoleniaceae	-0.154295794997843	0.787516805671432	-0.628389409495103	-1.98772796062647	-2.3721396595368	-2.50567105216132	-0.0177926319841628	-0.130765297587649	-0.661725829762696	1.11389660206239	1.70539778436892	0.896716097636424	1.2148454868958	1.83395123554226	0.906183623974823
Undefined	Striatellaceae	0	0	0	0	0	0	0	0	0	-0.80471895621705	0.80471895621705	0	0	0	0
Undefined	Surirellaceae	0	0	0	0	0	0	0	0	0	0	0	0	0	0	0
Undefined	Thalassionemataceae	0	0	0	0	0	0	0	0	0	0.418494108392918	0.130812035941137	0	-0.274653072167027	-0.274653072167027	0
Undefined	Skeletonemataceae	-0.641604406744374	0.52734937128198	-1.03900495501581	-2.43742067666804	-2.87384801038018	-2.76660248002658	-0.734892341167932	-0.0608147233283374	-0.752830041854599	1.64053007577838	2.07397473554223	1.05908688479844	2.09675114385316	2.6763287093255	1.23299671460616
Undefined	Stephanodiscaceae	-0.734030238852646	0.370280070930101	-1.1281315883105	-2.497618831114	-2.67994038790796	-2.90308393922217	-0.651792140615674	-0.00717200095038883	-0.711430406935405	1.67830571810052	2.23770203933913	1.00893906620598	2.07743573096946	2.6792839135436	1.26125299481997
Undefined	Thalassiosiraceae	-0.99446552097668	0.270050765971359	-1.0960019401961	-2.58680900005148	-2.65701325872473	-2.81419884224714	-0.447740342872335	-0.244351515810057	-0.703341104333925	1.81264955770763	2.22633947632393	1.25500974670342	2.04775541975846	2.49690872032849	1.43520783841916
Undefined	Toxariaceae	-1.18417506232668	0.895266479353158	-1.18417506232668	-1.18417506232668	-1.18417506232668	-1.18417506232668	0	0	-1.18417506232668	0	1.95131915360247	0.761735086728635	-0.491027881766733	2.28156084047305	1.70619669556949
Undefined	Plagiogrammaceae	-0.568845250573653	0.844848084734353	-1.2619924311336	-3.45921700846982	-1.66745753924176	-2.07292264734993	-0.89426765100828	-0.568845250573653	-1.06132173567145	1.60337802455715	2.25121000890505	0.831242432678574	2.04204120207491	2.40441416712828	1.57773559394381
Undefined	Triceratiaceae	-2.33344891995174	0.231500437509798	-0.829371523175465	-2.33344891995174	0	0	-1.08068595145637	-0.947154558831849	-0.724011007517638	1.01645516732287	1.56852374962291	0.662283353602252	1.65553512661254	1.70960234788281	1.40422069833163
Undefined	Entomoneidaceae	-0.697171061410521	0.113759154805808	-1.39031824197047	-2.77661260309036	-0.984853133862302	-0.579388025754137	-0.378717330291986	-0.579388025754137	-0.697171061410521	1.15521302963397	1.93291759822198	0.113759154805808	1.56719281876333	2.19320069648564	1.0075770308279
Undefined	Cercomonadidae	0	0.332328802801623	0	0	0	0	-1.05396555831827	0	0	0	-0.360818377758322	0.555472354115833	-0.360818377758322	0.555472354115833	0.332328802801623
Undefined	Guttulinopsidae	0	0	0	0	0	0	0	0	-0.231049060186648	0	0	-0.231049060186648	0	0	0.462098120373297
Undefined	Heteromitidae	0	0	0	0	0	0	0.693147180559945	0	0	0	0	0	-0.693147180559945	0	0
Undefined	Protaspidae	-0.630163233423707	-0.917845305875488	0	0	0	0	-0.630163233423707	0	0	0.468449055244403	0.816755749512618	-0.630163233423707	0.180766982792622	1.27937927146073	0.0629839471362379
Undefined	Rhogostomidae	0	0	0	0	0	0	0	0	0	0.972955074527657	0	-0.972955074527657	0	0	0
Undefined	Viridiraptoridae	0.415888308335967	0	0	0	0	0	0.415888308335967	0	0	0.415888308335967	0	0	0	-0.277258872223978	-0.970406052783923
Undefined	Chlamydophryidae	0	0	0	0	0	0	0	0	0	0	0	0	0	0	0
Undefined	Ventrifissuridae	0	0	0	0	0	0	0	0	0	0	0	0	0	0	0
Undefined	Ebriacea	-0.940498627302007	-0.247351446742062	0	-0.940498627302007	0	0	-0.429673003536017	0	-1.34596373541017	-0.0932007669148038	0.599946413645141	-0.247351446742062	0.956621357583874	1.39487628851503	1.29309359420509
Undefined	Colliniidae	0	0	0	0	0	0	0	0	0	0	0	0	0	0	0
Undefined	Foettingeriidae	0	0	0	0	0	0	0	0	0	0	0	0	0	0	0
Undefined	Chilodonellidae	0	0	0	0	-1.43331416557968	0	0	-1.43331416557968	0	0.964581107218687	0.176123746854417	0	0.358445303648371	1.70218005034947	-0.334701876911574
Undefined	Lynchellidae	0	0	0	0	0	0.0303869261323257	0	0	0	0	0.43585203424049	-0.375078181975839	-0.662760254427619	1.23435973045826	-0.662760254427619
Undefined	Lynnellidae	0	0	0	0	0	0	0	0	0	0	0	0	0	0	0
Undefined	Strobilidiidae	-1.52035014070654	0	-1.52035014070654	-0.827202960146595	0	-1.52035014070654	-0.13405577958665	-1.52035014070654	0.559091400973295	1.25223858153324	1.25223858153324	1.47538213284745	0.271409328521514	1.044599216755	1.18770006039567
Undefined	Strombidinopsidae	0	-0.645200168484648	0	0	-0.645200168484648	0	0.0479470120752968	0	0	0	0	0.0479470120752968	0.0479470120752968	1.14655930074341	0
Undefined	Mesodiniidae	-2.1496740622397	-1.13807315056122	-0.039460861893108	-2.03189102658331	-2.28320545486422	-0.151578160013814	0.292672973129507	0.17760364334472	0.558376138862513	0.991240221158791	1.07915209348167	1.9529693027971	0.566674941677208	0.839788598300698	1.33540480340316
Undefined	Dysteriidae	0	-1.18752895855017	0	0	0	0	0	-0.78206385044201	0	0.60423051067788	1.1638462986133	-1.88067613911012	1.25481807681903	0.82737406199209	0
Undefined	Hartmannulidae	0	0	0	0	0	0	0	0	0	0	0	0	0	0	0
Undefined	Acinetidae	0	0	0	0	0	-0.231049060186648	0	0	0	0	0	0.462098120373297	0	-0.231049060186648	0
Undefined	Aspidiscidae	0	0	0	0	0.202732554054082	0	0	0	0	0	0	0	-0.202732554054082	0	0
Undefined	Euplotidae	0	-0.81431393152063	0	0	0	0	0	0	0	0	0.484969052609631	-0.303488307754639	-0.303488307754639	0.28429835714748	0.652023137272797
Undefined	Gastrocirrhidae	0	0	0	0	0	0	0	0	0	0	0	0	0	0	0
Undefined	Chilodochonidae	0	0	0	0	0	0	0	0	0	0.462098120373297	0.462098120373297	-0.924196240746594	0	0	0
Undefined	Ephelotidae	-0.80249334686015	-0.579349795545941	0	0	0	0.644425636076175	0	-0.80249334686015	-0.80249334686015	1.78150420557208	0.376161649481496	0	0.00843686935617871	0.755651271186399	-0.579349795545941
Undefined	Spathidiidae	0	0.231049060186648	0	0	0	0	0	0	0	0.231049060186648	0	-0.462098120373297	0	0	0
Undefined	Trachelophyllidae	0	0	0	0	0	0	0	0	0	0	0	0	0	0.202732554054082	-0.202732554054082
Undefined	Folliculinidae	0	0	0	0	0	0	0	0	0	0	0	0	0	0	0
Undefined	Spirostomidae	0	0	-0.519860385419959	0	0	0	0	0	0.173286795139986	0	-0.519860385419959	0.866433975699932	0	0	0
Undefined	Stentoridae	0	0	0	0	0	0	0	0	0	0	0	0	0	0	0
Undefined	Tetrahymenidae	0	-0.880154942689844	-0.880154942689844	0	0	0.372608025805524	0	-0.474689834581679	0	0.623922454086431	1.13474807785242	-0.187007762129898	-1.57330212324979	1.13474807785242	0.729282969744257
Undefined	Hypocomidae	0	0	0	0	-0.454002018632272	-0.271680461838318	0.769773412989843	-1.37029275050643	-2.06343993106637	2.01409751283935	-0.454002018632272	-0.271680461838318	1.674229687217	0.880999048100068	-0.454002018632272
Undefined	Metopidae	0	0	0	0	0	0	0	0	0	0	0	0	0	0	0
Undefined	Trichodinidae	0	0	0	0	0	0	0	0	0	0	0	0	0	0	0
Undefined	Frontoniidae	0	0	0	0	0	0	0	0	0	0.80471895621705	0	0	0	0	-0.80471895621705
Undefined	Parameciidae	0	0	0	0	0	0	-0.447939867307014	0	0.650672421361096	0	0	-0.447939867307014	0	0	0.245207313252932
Undefined	Cinetochilidae	0	0	0	0	0	-1.17053280678105	0	0.215761554338836	0	0	0	-0.0719205181129452	1.02669177055516	0	0
Undefined	Orchitophryidae	0	0	0	0	0	0	-1.39701008623746	-0.703862905677512	0	1.2420472433778	1.16793927122408	-0.0107157251175662	0	0	-0.298397797569347
Undefined	Philasteridae	-0.651376389425871	0	0	0	-0.651376389425871	0	0.264914342448284	0	-1.34452356998582	0.852701007350403	0.958061523008229	0.0417707911340741	0.264914342448284	0	0.264914342448284
Undefined	Pseudocohnilembidae	0	0	0	0	0	0	0	0	0	0	0	0	0	0	0
Undefined	Uronematidae	0	-1.2136729593182	0.172621401801692	0	0	-1.2136729593182	0	0.395764953115902	-0.115060670650089	0	0.578086509909857	-0.520525778758253	0.732237189737115	0	1.18422231348017
Undefined	Cyclidiidae	0	0	0	0	0	0	0	0	0	0	0	-0.963457252632055	0	0.828302216596	0.135155036036055
Undefined	Pleuronematidae	0	0	0	0	0	0	0	-0.14384103622589	0	0.14384103622589	0	0	0	0	0
Undefined	Amphileptidae	0	0	0	0	0	0	0	0	0	0	0.202732554054082	0	0	-0.202732554054082	0
Undefined	Litonotidae	0	0	0	0	0	0	0	-0.648636716351771	-0.648636716351771	0	1.29727343270354	0	0	0	0
Undefined	Placidae	0	0	0	0	0	0	0	0	0	0	0	0	0	0	0
Undefined	Opisthonectidae	0	0	0	0	0	0	0	0	0	0	0	0	0	0	0
Undefined	Vorticellidae	0	0	0	0	0	0	0	0	0	0	0	0	0	0	0
Undefined	Zoothamniidae	0	0	0	0	0	0	0	0	0	0.394228680182135	0	0	0	-0.394228680182135	0
Undefined	Sorogenidae	0	-0.481728626316027	0	0	0	0	0	0.616883662352082	-0.481728626316027	0	-0.481728626316027	0.211418554243918	0	0.616883662352082	0
Undefined	Halteriidae	0	0	0	0	0	0	0	0	0	0	0	0	0	0	0
Undefined	Oxytrichidae	0	-1.67096679248864	-0.572354503820532	-0.572354503820532	-1.67096679248864	0.274943356566671	-0.572354503820532	0.274943356566671	-0.284672431368751	-0.572354503820532	0.526257784847578	1.58712974553284	0.813939857299358	1.21940496540752	1.21940496540752
Undefined	Kahliellidae	0	0	0	0	0	0	0	0	0	0	0	0	0	0	0
Undefined	Parabirojimidae	0	0	0	0	0	0	0	0	0	0	0	0	0	0	0
Undefined	Hemispeiridae	0	0	0	0	0	0	0	0	0	0	0	0	0	0	0
Undefined	Codonellidae	0	0	0	0	0	0	0	0	0	0	0	0	0	0	0
Undefined	Codonellopsidae	0	0	0	0	0	0	0	0	0	0	0	0	0	0	0
Undefined	Tintinnidae	0	0	0	0	0	0	0	0	0	1.03972077083992	0	-1.03972077083992	0	0	0
Undefined	Holostichidae	0	0	0	0	0	0	0	0	0.202732554054082	0	0	0	0	0	-0.202732554054082
Undefined	Urostylidae	0	0	0	0	0	0	0	0	0	0	0	0	0	0	0
Undefined	Balantidiidae	0	0	0	0	0	0	0	0	0	0	0	0	0	0	0
Undefined	Isotrichidae	0	0	0	0	0	0	0	0	0	0	0	0	0	0	0
Undefined	Strombidiidae	0	0	-0.428672603959979	-1.12181978451992	0	0	0	0.130943183975444	0.582928307718501	0	-0.205529052645769	0.824090364535389	-0.71635467641176	-0.0232074958518145	0.957621757159912
Undefined	Tontoniidae	0	0	0	0	0	0	0	0	0	0	0	0	0	0	0
Undefined	Paramoebidae	0	0	-0.347443237057266	0	0	-0.347443237057266	-0.529764793851221	0.499854623329937	-0.75290834516543	0	2.19153063400101	0	0.568847494816889	0.163382386708725	-1.44605552572538
Undefined	Acanthamoebidae	-0.381122098509101	-1.07426927906905	0	0	0	0	0	0.024343009599064	-1.07426927906905	0.535168633365054	1.41063737071895	0	0	0.024343009599064	0.535168633365054
Undefined	Balamuthiidae	0	0	0	0	0	0	0	0	0	0	0	0	0	0	0
Undefined	Thecamoebida	0	0	0	0	0	0	0	-1.15129254649702	0	1.15129254649702	0	0	0	0	0
Undefined	Vannellidae	0	-1.29800751664139	-1.29800751664139	0	0	-1.29800751664139	0	0	0	0.647902632413926	0.493751952586668	0	0.647902632413926	1.79303493671693	0.311430395792713
Undefined	Haplosporidiidae	0	0	0	0	0	0	0	-0.774240202181578	-0.774240202181578	1.71066644760642	-0.0810930216216329	-0.0810930216216329	0	0	0
Undefined	Plasmodiophoridae	0	0	0	0	0	0	0	0	0	-0.101366277027041	0.997246011641069	-0.794513457586986	0	-0.101366277027041	0
Undefined	Vampyrellidae	0	0	0	0	0	0	0	0	0	0	0	0	0	0	0
Undefined	Gromiidae	0	0	0	0	0	0	0	0	0	0	0	0	0	0	0
Undefined	Diplonemidae	-2.23798007426451	-0.697535033317358	-1.03400726993857	-1.3906822138773	-1.95029800181273	-0.117716538064416	-0.0784958249111343	-0.446220605036452	0.0646050187295391	1.53094208752297	1.3638880028598	1.69384555845982	1.39079545577972	1.23811861557077	0.670740822299855
Undefined	Hemistasiidae	0	0	0	0.437429782825029	-0.661182505843081	0	-0.661182505843081	0	-0.661182505843081	0.0319646747168645	0	1.41825903583675	-0.661182505843081	1.41825903583675	-0.661182505843081
Undefined	Euglenaceae	0	0	0	0	0	0	0	0	0	0	0	0	0	0	0
Undefined	Peranemataceae	0	0	0	0	0	0	0	0	0	0	0	0	0	0	0
Undefined	Astasiaceae	0	0	0	0	0	0	0	0	0	0	0.202732554054082	-0.202732554054082	0	0	0
Undefined	Bodonidae	-0.983902748325728	-0.696220675873948	0.114709540342381	-0.290755567765783	-2.08251503699384	0.114709540342381	1.41399252447264	-0.00307349531400236	-0.136604887938525	0.55654229262142	-0.983902748325728	1.55507112273255	0.750698307062378	0.55654229262142	0.114709540342381
Undefined	Trypanosomatidae	-0.0428878487323003	-0.305252113199791	-1.91469002563389	-0.122930556405837	-0.305252113199791	-1.22154284507395	0.826149998291309	0.527657009735313	-0.410612628857618	0.793360175468318	0.918523318422324	-0.122930556405837	0.527657009735313	0.570216624154109	0.282534551702327
Undefined	Scytomonadidae	0	0	0	0	0	0	-0.346573590279973	0	0	0	0	0.346573590279973	0	0	0
Undefined	Acytosteliaceae	0	0	0	0	0	0	0	0	0	0	0	-0.693147180559945	0	0.693147180559945	0
Undefined	Dictyosteliaceae	0	0	0	0	0	0	0	0	0	0	0	0	0	0	0
Undefined	Echinosteliidae	0	0	0	0	0	0	0	0	0	0	0	0	0	0	0
Undefined	Entamoebidae	0	0	0	0	0	0	0	0	0	0	0	0	0	0	0
Undefined	Mastigamoebidae	0	0	0	0	0	0	0	0	-0.549306144334055	0	0	0.549306144334055	0	0	0
Undefined	Physaraceae	0	0	0	0	0	0	0	0	0	0	0	0	0	0	0
Undefined	Elphidiidae	0	0	0	0	0	0	0	0	0	0	0	0	0	0	0
Undefined	Glabratellidae	0	0	0	0	0	0	0	0	0	0	0	0	0	0	0
Undefined	Rotaliidae	0	0	-0.577622650466621	0	0	0.80867171065327	-0.577622650466621	0.115524530093324	0	0.80867171065327	0	0	0	-0.577622650466621	0
Undefined	Hexamitidae	0	0	0	0	0	-0.447939867307014	0	0	0.245207313252932	0	0	0.245207313252932	0	0	-0.0424747591988492
Undefined	Coccolithaceae	0	0	0	0	0	0	0	0	0	0	0	0	0	0	0
Undefined	Isochrysidaceae	0	-1.49303898190963	0	-0.79989180134968	0	0	0	0.116398930524475	0.116398930524475	0.704185595426594	0.904856290888745	0.452871167145688	0.904856290888745	-0.106744620789735	-0.79989180134968
Undefined	Noelaerhabdaceae	-1.02217777189977	-0.0175487184992207	-1.39727367362248	-2.18822447924061	-2.56291792868202	-2.94187791741019	-0.459993939948776	-0.483132093660862	-1.02158780138118	2.54351995255787	1.98604623374598	1.48199232255869	2.23106099125474	2.33835948207935	1.51375534214846
Undefined	Pavlovaceae	0	0	0	0	0	0	0.376019349194069	0.376019349194069	-0.722592939474041	0	0	-0.029445758914096	0	0	0
Undefined	Phaeocystaceae	-1.13442456663323	-0.637987680319343	-0.829042917082052	-2.3871875351286	-1.82757174719318	-2.16404398381439	0.557251444037838	0.759117596904764	-0.595428065900547	1.59715613187917	1.97591108965976	1.13179288218994	1.55439427254109	1.56885235571632	0.431210723142473
Undefined	Chrysochromulinaceae	-0.664697427983489	0.0284497525764569	-0.51054674815623	-2.45645689721154	-0.847018984777443	-1.35784460854343	0.316131825028238	0.316131825028238	-1.07016253609165	1.73319784481488	1.56889479352361	0.487982081954897	0.376756446844673	1.76305080796456	0.316131825028238
Undefined	Prymnesiaceae	-1.2770386604769	0.109255700642989	-1.97018584103685	-1.97018584103685	0	-0.583891479916956	0.227038736299373	0.863027503019369	-1.2770386604769	1.58516222045257	0.227038736299373	0.737864360065363	1.28791069698464	1.12085661232147	0.920185916859318
Undefined	Heterophryidae	0	0	0	0	0	0	0	0	0	-0.649641492065131	0.64964149206513	0	0	0	0
Undefined	Pterocystidae	0	0	0	0	0	0	0	0	0	-0.528952296462678	0.451876956549048	0	0.318345563924526	-0.241270224010897	0
Undefined	Rhabdosphaeraceae	0	0	0	0	0	0	0	0	0	0	0	0	0	0	0
Undefined	Vahlkampfiidae	0	0	0	0	0	0	0	0	0	0	0	0.255412811882995	0	0	-0.255412811882995
Undefined	Cyphoderiidae	0	0	0	0	0	0	0	0	0	0	0	0	0	0	0
Undefined	Euglyphidae	0	0	0	0	0	0	0	-0.366204096222703	0	0.732408192445406	0	0	-0.366204096222703	0	0
Undefined	Paulinellidae	0	0	0	0	0	0	0	0	0	0.700020276294191	-0.147277584093013	0	0	0	-0.552742692201177
Undefined	Spongomonadidae	-0.549306144334055	0	0	0	0	0	0	0	0	0	0	0	0.549306144334055	0	0
Undefined	Thaumatomastigidae	0	-0.964690211399928	0	-1.37015531950809	0	0	-2.06330250006804	-0.271543030839983	0	-0.677008138948147	1.11475133027991	0.827069257828127	0.709286222171743	1.46305802454812	1.23253436593629
Undefined	Metromonadea	0	0	0	0	0	0	0	0	0	0	0	0	0.458145365937078	-0.458145365937077	0
Undefined	Dientamoebidae	0	0	0	0	0	0	0	0	0	0	0	0	0	0	0
Undefined	Perkinsidae	0	-0.32188758248682	0	0	0	0	-0.32188758248682	-0.32188758248682	-0.32188758248682	1.28755032994728	0	0	0	0	0
Undefined	Picomonadidae	0.474544165037371	0.387532788047741	-0.624068123630739	-1.31721530419068	-0.624068123630739	-0.400924572316529	0.554586872710907	1.32184202542457	0.292222608243416	0	0	0	0	0	-0.0644523356953164
Undefined	Acrochaetiaceae	-0.743859042794163	0.0654114220038009	-2.80848549868886	-0.896766714381824	-1.3376337495409	-1.54735428052297	0.352262584561495	0.263663005309496	-1.69045512416365	2.2303751371218	1.82738504217616	-0.313822673955493	2.177535611114	2.10243778488292	0.319306496878199
Undefined	Ahnfeltiaceae	0.0433472042028458	0	0	0	0	-1.34294715691704	0	-0.6497999763571	0	-0.244334868248935	1.29611017269821	0	0.44881231231101	0.44881231231101	0
Undefined	Balbianiaceae	0	0	0	0	0	0	0	0	0	0	0	0	0	0	0
Undefined	Bangiaceae	-1.03652115630984	-0.679846212371112	-0.902989763685322	-0.584536032566787	-1.88381901669705	-2.28928412480521	0.236444519503043	0.236444519503043	-1.1906718361371	2.21606572590067	2.29056825319859	0.483304597434569	1.76250082299809	1.28024857167616	0.0620911323582654
Undefined	Batrachospermaceae	0	-0.693147180559945	0	0	0	0	0	0	0	0.693147180559945	0	0	0	0	0
Undefined	Bonnemaisoniaceae	0	0	0	0	0	0	0	0	0	0	0	0	0	0	0
Undefined	Ceramiaceae	-0.753100390002867	-0.242274766236876	-1.15856549811103	-1.15856549811103	0	-1.85171267867098	-1.15856549811103	0.920876043568805	-1.15856549811103	-1.15856549811103	1.88595693961239	0.0941974703843369	-0.465418317551086	5.49106651066087	0.71323667879056
Undefined	Dasyaceae	0	0.0608600624492093	-1.0377522262189	0	0	-0.344605045658955	0	0	-0.344605045658955	0	0.34854213490099	0.908157922836413	0.34854213490099	0.0608600624492093	0
Undefined	Delesseriaceae	0	0	-0.274653072167028	0	0	0	-0.967800252726973	0	0	0	0	0	1.51710639706103	-0.274653072167028	0
Undefined	Rhodomelaceae	-1.5451456668031	-0.0410682700268294	0	-1.95061077491127	-0.201410920102009	-1.25746359435132	-0.392466156864718	-0.201410920102009	-2.64375795547121	3.29245811740629	2.93973835331049	-0.939009863232788	1.16290453429911	1.45058660675089	0.326656510098488
Undefined	Colaconemataceae	0	0	0	0	0	0	0	0	0.501359132258758	0	0	-0.597253156409352	0	0.0958940241505937	0
Undefined	Corallinaceae	0	0	0	0	0	0	0	0	0	0	0	0	0	0	0
Undefined	Erythrotrichiaceae	0	0	0	0	0	-0.424344923652814	-1.11749210421276	0	0	0	0.268802256907131	1.44745725324878	-1.11749210421276	0.674267365015295	0.268802256907131
Undefined	Gelidiaceae	0	0	0	0	0	0	0	0	0	0	0	0	0	0	0
Undefined	Gelidiellaceae	0	0	0	0	0	0	0	0	0	0	0	0	0	0	0
Undefined	Choreocolacaceae	0	0	0	0	-0.963457252632055	0	0	0	0	1.23376732470416	-0.27031007207211	0	0	0	0
Undefined	Cruoriaceae	0	-0.484073625730086	0	0	0	0	-0.484073625730086	0	0	0	1.12536428670401	-0.0786085176219213	-0.0786085176219213	0	0
Undefined	Gigartinaceae	0	0	0	0	0	0	-0.981017338575026	-0.287870158015081	-0.287870158015081	-0.287870158015081	0	0	0.628420573859074	1.21620723876119	0
Undefined	Peyssonneliaceae	0	0	0	0	0	0	0	0	0	0	0	0	0	0	0
Undefined	Gracilariaceae	0	0	0	0	0	0	0	0	0	0	0	0	0	0	0
Undefined	Halymeniaceae	0	0	0	0	0	0	0	0	0	0	0	0	0	0	0
Undefined	Hapalidiaceae	0	0	0	0	0	0	0	0	0	0	0.642589841239712	0.237124733131548	-1.55463473609651	-0.168340374976617	0.843260536701864
Undefined	Hildenbrandiaceae	0	0	0	0	0	0	0	0	0	0	0.462098120373297	0	-0.924196240746594	0.462098120373297	0
Undefined	Galaxauraceae	0	0	0	0	0	0	0	0	0	0	0.549306144334055	-0.549306144334055	0	0	0
Undefined	Liagoraceae	-0.247500955586456	0	-1.34611324425457	0	0	0	-0.652966063694621	0	0	0.73332829742527	1.0517820285438	0	0.95647184873948	-0.247500955586456	-0.247500955586456
Undefined	Palmariaceae	0	0.510045132448594	0	0	0	-0.183102048111352	0	0	-0.876249228671297	0	0	0	0.222363059996813	1.20319231300854	-0.876249228671297
Undefined	Plocamiaceae	0	0	0	0	0	0	0	0	0	0	0	0	0	0	0
Undefined	Porphyridiaceae	0	0	0	0	0	0	0	0	0	0	0	0	0	0	0
Undefined	Champiaceae	0	0	0	0	0	0	0	0	0	0	0	0	0	0	0
Undefined	Sebdeniaceae	0	0	0	0	0	0	0	0	0	0	0	0	0	0	0
Undefined	Flabellulidae	0	0	0	0	0	0	-0.967800252726973	0	0	0	0.418494108392918	0.418494108392918	0	0.130812035941137	0
Undefined	Leptomyxidae	0	0	0	0	0	0	0	0	0	0	0	0	0	0	0
Undefined	Acanthoecidae	0	-0.495534733316112	-1.59414702198422	0	-1.59414702198422	0	0.351763127071091	-1.59414702198422	0.197612447243833	1.17844170025556	0.485294519695614	0.890759627803778	0.197612447243833	1.62472880288398	0.351763127071091
Undefined	Stephanoecidae	0	-1.3876515273153	-1.79311663542346	-2.48626381598341	0	-1.3876515273153	-0.876825903549306	0.34694952807281	-1.09996945486352	1.46497990259802	2.00237255374873	0.691790014364539	1.42575918944474	2.00237255374873	1.0972551224727
Undefined	Albuginaceae	0	-0.895879734614027	0	0	0	0	0.490414626505863	0	0	0	0.202732554054082	0.202732554054082	0	0	0
Undefined	Ancyromonadidae	0	0	0	0	0.732408192445406	0	-0.366204096222703	0	0	-0.366204096222703	0	0	0	0	0
Undefined	Planomonadidae	0	0	0	0	0	0	0	0	0	0	0	0	0	0	0
Undefined	Bicosoecidae	0	0	0	0	0	0	0	0	0	0	0	0	0	0	0
Undefined	Cafeteriaceae	0	0	0	0	0	0	0	0	0	0	0	0	0	0	0
Undefined	Siluaniidae	0	0	0	0	0	0	-0.402359478108525	0.29078770245142	0	0	0.51393125376563	0	0	-0.402359478108525	0
Undefined	Chattonellaceae	-1.77429156056551	-1.08114438000556	-1.08114438000556	0	-2.46743874112545	0	-2.46743874112545	-0.387997199445615	0	2.28615144998091	1.8092273778906	0.365774602930765	1.83662635207872	2.09690945034239	0.864765769049753
Undefined	Vacuolariaceae	0	-0.462098120373297	0	0	0	0	0	0	0	0.231049060186648	0	0	0	0.231049060186648	0
Undefined	Chromulinaceae	0	-1.76666391563666	-0.157226003202555	0	0	-1.07351673507671	0.31277762604318	-1.76666391563666	-0.380369554516765	1.00592480660313	1.45221190923155	0.31277762604318	0.631231357161715	0.798285441824881	0.631231357161715
Undefined	Chrysolepidomonadaceae	0	0	0	0	0	0	0	0	0	0	0	0	0	0	0
Undefined	Dinobryaceae	0	0	0	0	0	0	0.693147180559945	-0.693147180559945	0	0	0	-0.693147180559945	0.693147180559945	0	0
Undefined	Paraphysomonadaceae	0	-1.57611451651463	0	0	0	0	-0.189820155394741	0.0333233959194683	0	1.36832446265181	0.369795632540681	-0.189820155394741	1.25709882754158	-0.189820155394741	-0.882967335954687
Undefined	Colponemidia	0	0	0	0	0	0	0	0	0	0	0	0	0	0	0
Undefined	Salpingoecidae	0	0	0	0	0	0	0	-1.28099099485081	-1.28099099485081	0.51076847437724	0.664919154204499	-0.182378706182705	0.798450546829021	0.664919154204499	0.105303366269076
Undefined	Baffinellaceae	0	0	0	0	0	0	0	0	0	0	0	0	0	0	0
Undefined	Cryptomonadaceae	0.467884600537942	-0.0429410232280483	0	0.650206157331897	0	0	-1.14155331189616	-0.448406131336213	-0.448406131336213	1.4975040177191	-1.14155331189616	0	-0.448406131336213	0	1.05567126544006
Undefined	Hemiselmidaceae	0	0	-1.38313713363113	0	0	0	-0.689989953071182	0.562773015424186	0.226300778802973	1.25592019598413	1.18181222383041	-0.689989953071182	0	0.226300778802973	-0.689989953071182
Undefined	Cutleriaceae	0	0	0	0	0	0	0	0	0	0	0	0	0	0	0
Undefined	Goniomonadaceae	0	0	0	0	0	0	0.501359132258758	0	0	-0.597253156409352	0	0	0	0	0.0958940241505937
Undefined	Desmarestiaceae	0	0	0	0	0	0	0	0	0	0	0	0	0	0	0
Undefined	Dictyotaceae	0	-0.14384103622589	0	0	0	0	0	0	0	0	0	0	0	0.14384103622589	0
Undefined	Dinophysiaceae	0	-0.19105238879089	-1.289664677459	0.0966296836608909	0	-0.596517496899054	0.319773234975101	-0.596517496899054	-0.596517496899054	0.90755989987722	0	-0.596517496899054	-0.19105238879089	2.07763115252747	0.656245471596314
Undefined	Acinetosporaceae	-2.01879327896723	0.283791814026814	-0.920180990299122	-0.0728831299119184	-2.01879327896723	-0.632498917847341	0.466113370820769	-0.409355366533131	-0.227033809739177	0.976938994586759	1.02572915875619	0.689256922134978	1.23930325905425	0.379101993831139	1.23930325905425
Undefined	Chordariaceae	-1.43844353609066	-1.43844353609066	-0.745296355530718	-0.745296355530718	0	0	1.33414518614912	0.758781041245556	0.170994376343437	1.55728873746333	1.26960666501155	-1.43844353609066	0.758781041245556	1.39476980796555	-1.43844353609066
Undefined	Ectocarpaceae	-1.99641108694479	0.26412576980576	-2.26467507353947	-0.840640384436727	-1.6107486061328	-1.73858197764269	1.25259447937544	1.06477840326385	-1.4974199208258	1.53856275534949	2.24109967625927	-0.0338338854042606	2.05996687735346	1.60331566173818	-0.0421326882189561
Undefined	Scytosiphonaceae	-0.270612945004049	-0.452934501798004	-1.77469034178032	-0.216545723733773	-1.55154679046611	-1.08154316122038	0.689162898809845	0.3943633585892	-0.676078053112213	1.46398811038406	1.76626898225699	-0.165252429346223	0.982150023491319	1.22104193177367	-0.327771358843997
Undefined	Eustigmataceae	0	0.346573590279973	0	0	0	0	0	0	0	0	0	0	-0.346573590279973	0	0
Undefined	Monodopsidaceae	0	0.581983427309758	0	-1.36392672174555	0.0223676393743357	-1.36392672174555	1.2751306078697	0.245511190688545	-0.67077954118561	0.938658371248491	0.245511190688545	0.715514819934281	0.0223676393743357	0.715514819934281	-1.36392672174555
Undefined	Fucaceae	-0.976732477872686	-0.443765728229482	-1.75824880888272	-0.98673256120727	-0.82471627057406	-1.43979507776419	0.922623810591475	0.813782436123164	-0.778779175387036	1.33723042769658	1.49060784819741	0.391995559529305	1.00512640337601	1.32086507361032	-0.0734614592068352
Undefined	Hormosiraceae	0	0	0	0	0	0	0	0	0	0	0	0	0	0	0
Undefined	Sargassaceae	0	0	0	0	0	0	0	0	0	0	0	-0.833051127543801	-0.139903946983856	1.11285902151151	-0.139903946983856
Undefined	Glaucocystaceae	0	0	0	0	0	0	-0.924196240746594	0	0	0	1.15524530093324	-0.231049060186648	0	0	0
Undefined	Gloeochaetaceae	0	0	0	0	0	0	0	0	0	0	0	-0.693147180559945	0	0.693147180559945	0
Undefined	Amphidomataceae	0	0	0	0	0	0	0	-0.300815479355255	0	-0.300815479355255	0.10464962875291	0.10464962875291	0.39233170120469	0	0
Undefined	Ceratiaceae	-1.85205904858232	0.352545636051525	-0.482571805778807	0	0	-3.17381488856464	-1.38205541933658	-1.22790473950932	-0.976590311228417	0.443837056260932	1.52210966069192	1.57977530254173	1.22371593264521	2.08107292005606	1.8919397047527
Undefined	Cladopyxidaceae	0	0	0	0	0	0	0	0	0	0	0	0	0	0	0
Undefined	Crypthecodiniaceae	-0.346573590279973	0	0	0	0	0	0	0.346573590279973	0	0	0	0	0	0	0
Undefined	Gonyaulacaceae	-0.405059100721555	-0.656373529002461	-1.50367138938966	0	0	-2.60228367805777	-2.60228367805777	0.170305044182007	0.105766523044436	1.80443556920648	0.798913703604381	1.30973932737037	0.953064383431639	1.82853312078554	0.798913703604381
Undefined	Pyrophacaceae	0	0	0	0	0	0	0	0	0	0	0.568546404618087	-0.0192402602840323	0	-0.530065884050023	-0.0192402602840323
Undefined	Gymnodiniaceae	-1.03760909979915	-0.886378130075229	-1.14523976399152	-1.93369712435579	-3.13766992868172	-1.29184323818339	0.212234158592881	-0.133638852313038	-0.61194128437347	1.86066783760413	1.57635466221845	1.43187307966322	1.48730288460255	1.99222878624135	1.61735601285074
Undefined	Kareniaceae	0	0	-2.43162550259141	0	-1.04533114147152	-1.3330132139233	-1.3330132139233	-0.639866033363353	-0.485715353536095	1.80248100200585	1.37503698717891	0.564106770962582	1.41852209911865	1.2819465641129	0.826471035430074
Undefined	Tovelliaceae	0	0	0	0	0	0	0	0	0	0	0	0	0.202732554054082	0	-0.202732554054082
Undefined	Warnowiaceae	0	0	0	0	0	-0.420135054209632	0	-0.420135054209632	-1.80642941532952	1.62755778915562	0	1.02678392872669	0.13948073372579	-1.11328223476958	0.966159306910258
Undefined	Hibberdiaceae	0	0	0	0	0	0	0	0	0	0	0	0	0	0	0
Undefined	Amoebidiaceae	0	-0.5364793041447	0	0	0	0	-0.5364793041447	0	0	1.0729586082894	0	0	0	0	0
Undefined	Ichthyophonidae	0	0	0	0	0	0	0	0	0	0	0	0	0	0	0
Undefined	Histionidae	0	0	0	0	0	0	0	0	0	0	0	0	0	0	0
Undefined	Jakobidae	0	0	0	0	0	0	0	0	0	0	0	0	0	0	0
Undefined	Stygiellidae	0	0	0	0	0	0	0	-0.14384103622589	0	0	0	0	0.14384103622589	0	0
Undefined	Katablepharidaceae	-1.0377645189054	-0.391137353980346	-2.33704750303566	-1.35621825002393	-2.74251261114382	-2.33704750303566	-0.034462410041614	0.277912275000539	-0.796602462088511	2.40788462532759	2.16645902917593	1.64574457328069	1.85260723899077	1.72339550751076	0.95878936296867
Undefined	Labyrinthulaceae	0	0	0	0	0	0	0	0	0	0	0	0	0	0	0
Undefined	Agaraceae	0	-0.711069612297883	-0.711069612297883	0	0	0	-0.711069612297883	0	0	1.23484053675743	0	0	0.898368300136218	0	0
Undefined	Alariaceae	0	0	0.194524174739411	0	0	0	-1.19177018638048	0.887671355299356	0	1.00545439095574	0	-1.19177018638048	0.599989282847575	0.887671355299356	-1.19177018638048
Undefined	Chordaceae	0	-2.07648417049409	-0.97787188182598	-1.38333698993414	-0.97787188182598	0.562573159121169	-0.130574021438776	0.00295737118574602	-0.284724701266035	0.226100922499956	1.63708789621022	1.14239165437411	0.488465186967447	0.756729173562126	1.01455828286423
Undefined	Laminariaceae	-1.19427892601168	0.192015435108212	-1.19427892601168	0	0	0.192015435108212	0.415158986422422	-0.0956666373435686	0.192015435108212	0.192015435108212	-0.501131745451733	0.192015435108212	0.597480543216377	-0.0956666373435686	1.10830616698237
Undefined	Lessoniaceae	0	0	0	0	0	0	0	0.173770760617785	0	0.86691794117773	-0.23169434749038	-0.924841528050325	0.173770760617785	-0.23169434749038	0.173770760617785
Undefined	Lophodiniaceae	0	-1.03709604467856	0	0	0	0	0	0	0	-1.03709604467856	0.349198316441329	0.908814104376752	0.754663424549493	0	0.0615162439895482
Undefined	Plagiacanthidae	0	0	0	0	0	0	0	0	0	0	0	0	0	0	0
Undefined	Noctilucaceae	0	0	0	0	0	0	0	-1.42343303470067	0	0.974462238097696	0	0.773791542635545	0	-0.324820746032565	0
Undefined	Ochromonadaceae	0	0	0	0	0	0	0	0	0	0.424321891937629	0.760794128558842	-1.18511602049647	0	0	0
Undefined	Blastocystidae	0	0	0	0	0	-0.555292425377134	0	0	-0.960757533485299	0	0	1.2728346880218	0	0	0.243215270840637
Undefined	Oxyrrhinaceae	-2.27679984306791	0	0	0	0	0	0	-2.27679984306791	-1.1781875543998	1.0554046671073	0.858694372861243	0.718932430486084	1.76625142476664	0.613571914828258	0.718932430486084
Undefined	Triparmaceae	0.25586057753244	0.0888064928692742	-0.517329310701041	-0.363178630873783	-0.00650368693505055	0.0888064928692742	0.0888064928692742	-0.229647238249261	-0.699650867494996	0.581282977967068	0.909787044939104	-0.363178630873783	-0.922794418809206	1.45211133576447	-0.363178630873783
Undefined	Amphidiniopsidaceae	0	0	0	0	0	0	0	0	0	0	0	0	0	0	0
Undefined	Diplopsaliaceae	0	0	0	0	0	0	0	0	0	0	0	0	0	0	0
Undefined	Heterocapsaceae	-1.17931872891809	-1.63885105829653	-0.904881883216326	-1.55880835062299	-2.51431979565043	-1.63885105829653	0.376051962245739	-0.029413145862426	-0.512839795440302	1.48204435821147	1.54266898002791	1.4175058370739	1.93068163818484	1.77613964549796	1.45219139506179
Undefined	Kryptoperidiniaceae	-0.557708644593763	1.12869030897647	-1.31984869664066	-2.57261166513603	-2.16714655702786	-3.26575884569597	-0.963173752701927	-0.00766230767449061	-0.700809488234436	1.73145342806814	2.07177923400535	0.938933773694993	1.88173563111748	2.25570207216627	1.54642550967644
Undefined	Oxytoxaceae	0	0	0	0	0	0	0	0	0	0	0	0	0	0	0
Undefined	Peridiniaceae	0	0	0	0	0	0	0	0	0	0	0	0.0958940241505937	0.501359132258758	-0.597253156409352	0
Undefined	Peridiniopsidaceae	0	0	0	0	0	0	0	0	0	0	0	0	0	0	0
Undefined	Pfiesteriaceae	0	0	0	0	0	0	0.549306144334055	0	-0.549306144334055	0	0	0	0	0	0
Undefined	Protoperidiniaceae	-2.28932758650188	0	0	0	-1.19071529783377	0	-0.0921030091656627	-0.209886044822047	-2.28932758650188	0.195579063286118	1.88505968339375	0.929548238366318	0.0132575064921636	1.75372368133267	1.29419135195423
Undefined	Peronosporaceae	0	-1.60719668591407	-1.60719668591407	0.00224122652003489	0	-0.91404950535412	0.338713463141248	-0.91404950535412	-0.91404950535412	0.18456278331399	1.65089985210742	0.957752671547471	0.877709963873935	1.76009914407241	0.18456278331399
Undefined	Phytodiniaceae	0	0	0	0	0	0	0	0	0	0	0	0	0	0	0
Undefined	Pinguiochrysidaceae	0	0	0	0	0	0	0	-0.304098831081123	0	0.101366277027041	0	0	0	0.101366277027041	0.101366277027041
Undefined	Prorocentraceae	0	-1.07328388956145	-1.92058174994865	0	0	-2.32604685805682	-0.534287388828761	0.158859791731184	-0.939752496936926	1.68128632717566	0.872626259493865	0.932049679964666	1.13968904474291	0.95109787493536	1.05834340528896
Undefined	Chroomonadaceae	-1.20102684429998	-0.641411056364554	-1.89417402485992	-0.795561736191812	-0.795561736191812	-2.58732120541987	1.10155824869407	0.813876176242288	-0.390096628083648	1.30449909269076	1.53981317962522	1.10155824869407	0.503721247938449	1.12625086128444	0.813876176242288
Undefined	Geminigeraceae	-1.15061523146561	-0.780683947751831	-0.635912000211006	-1.27358483603902	-1.1693711094977	-0.463822658182194	0.536940460232447	0.470744575174368	0.139101254772097	1.00032167847315	0.904569096911668	0.278053971936194	1.20597484757623	0.717281199030943	0.221002699040259
Undefined	Pyrenomonadaceae	-1.16741239601112	-0.474265215451177	-0.561276592440807	-1.01326171618386	-0.656586772245132	-0.761947287902958	0.932648432871449	0.442025516422978	-0.251121664136968	1.27493463935808	1.18396286115235	0.704389780890469	0.890975736470881	0.624347073216932	-1.16741239601112
Undefined	Pyrocystaceae	0	0	0	0	0	0	0	0	0	0.828302216596	0	-0.963457252632055	0	0.135155036036055	0
Undefined	Pythiaceae	-0.683671543989215	0	-1.37681872454916	0.820405852787059	-1.37681872454916	0	-0.278206435881051	-0.278206435881051	0	0	0.820405852787059	0.820405852787059	-0.278206435881051	0.414940744678894	1.39576999769062
Undefined	Saprolegniaceae	-0.605861196679579	0	0	0	-1.29900837723952	-0.200396088571414	0	0.0872859838803666	-0.200396088571414	0	1.26594098022201	-1.29900837723952	1.26594098022201	0.492751091988531	0.492751091988531
Undefined	Sarcinochrysidaceae	0	0	0	0	0	0	0	0	0	0	0	0	0	0	0
Undefined	Sphacelariaceae	0	0	0	0	0	0	-0.646424210323644	0	0	0	0.452188078344466	0	1.19940248017469	0.739870150796246	-1.74503649899175
Undefined	Stypocaulaceae	0	0	0	0	0	0	0	0	0	0	0	0	0	0	0
Undefined	Sporochnaceae	0	0	0	0	0	0	0	0	-0.337200303892827	1.3675477883456	0	0	0	0	-1.03034748445277
Undefined	Sticholonchidae	0	0	0	0	0	-1.06916652975401	0	0	0.029445758914096	0.317127831365877	0	0	0.722592939474041	0	0
Undefined	Biecheleriaceae	0	-0.92864373176217	0	0	0	0	0	-1.62179091232212	0	-0.235496551202225	1.59708491254608	-0.235496551202225	0.324119236733198	0.776104360476255	0.324119236733198
Undefined	Suessiaceae	0	-0.253345264352526	-1.63963962547242	0	0	0	-1.63963962547242	0.152119843755639	0	0.306270523582897	0.999417704142842	0.557584951863803	0.152119843755639	0.92530973198912	0.439801916207419
Undefined	Symbiodiniaceae	0	0	0	0	0	0	0	0	0	0	0	0.192527055424018	0.0102054986300637	0.0102054986300637	-0.212938052684146
Undefined	Amoebophryaceae	-0.379880628852955	-0.379880628852955	-0.890706252618946	-0.76554310966494	-0.76554310966494	-1.40153187638494	1.17192817074451	0.923032123327884	0.371535459830966	1.32122447210697	-0.0434083922317425	0.691702987427235	-0.826167731481375	0.352487264860271	0.620751251454951
Undefined	Eudubosquellidae	0	0	-0.905318569991549	0	-0.905318569991549	0	-0.212171389431604	-0.212171389431604	0	-0.212171389431604	1.98505318790462	0.19329371867656	0	1.17412297168829	-0.905318569991549
Undefined	Syndiniaceae	0	0	0	0	0	0	0.14384103622589	0	0	0	-0.14384103622589	0	0	0	0
Undefined	Mallomonadaceae	-1.7432113723527	-0.356917011232813	-1.7432113723527	-1.7432113723527	-1.05006419179276	-1.05006419179276	-0.356917011232813	-0.133773459918603	0	1.14716038554346	2.39992335403883	0.336230169327132	1.43484245799524	1.65798600930945	1.20122760681374
Undefined	Thoracosphaeraceae	0	0	0	0	0	0	0	0	0	0	0	0	0	-0.202732554054082	0.202732554054082
Undefined	Thraustochytriaceae	-1.63654375261296	-0.537931463944854	-0.250249391493073	-0.250249391493073	-0.943396572053019	0	-0.537931463944854	1.00251357700229	0.761351520185407	1.73075207737351	0.560680824723256	-0.0271058401788635	0.155215716615091	0	-0.0271058401788635
Undefined	Tilopteridaceae	0	0	0	0	0	0	0	0	0	0	0.458145365937078	0	-0.458145365937077	0	0
Undefined	Tribonemataceae	0	0	0	0	0	0	0	0	0	0	0	0	0	0	0
Undefined	Vaucheriaceae	0	0	0	0	0	0	0	0	0.305430243958052	0	0	-0.610860487916103	0	0.305430243958052	0
Undefined	Aphelidiaceae	0	0	0	0	0	0	0	0	0	0	0	0	0	0	0
Undefined	Cyanophoraceae	0	0	0	0	0	0	-0.125721731884475	0	-0.125721731884475	0	0	-0.81886891244442	0.27974337622369	0.79056899998968	0
Undefined	Hyphochytriaceae	0	0	0	0	0	0	0	0	-1.66670853682807	0.412733004851763	0.530516040508147	0	-0.568096248159963	1.16650480722814	0.125050932399982
Undefined	Phaeostrophionaceae	0	0	0	0	0	0	0	0	0	0	0	0	0	0	0
Undefined	Apusomonadidae	0	0	-1.34402864216922	0	0	0.0422657189506721	0.0422657189506721	0.735412899510617	0	0.265409270264882	0.735412899510617	0	0.601881506886095	0.265409270264882	-1.34402864216922
Undefined	Developea	0	-0.840872004492879	0	0	0	-0.840872004492879	0.545422356627011	0	-0.840872004492879	0.768565907941221	0	0.25774028417523	0	0.950887464735176	0
Undefined	Mantamonadidae	0	0	0	0	0	0	0	0	0	0	0	0	0	0	0
Undefined	Tsukubamonadidae	0	0	0	0	0	0	0	0	0	0	0	0	0	0	0
