taxids	mrca
1002263;1267497	1267497
100229;443604	2631580
100272;152704	2759
100272;175245	2759
100272;341159	2759
100272;358574	358574
100272;404701	2759
100272;404740	2759
100272;404790	2759
100272;415893	2759
100272;475233	2759
1004786;1300255;1300258	314275
100716;517418	100716
1007618;1007619	2619880
1009101;1175969	2644629
10091;10092;10093;10096	10088
1009130;1009193;1009201;1009202;1009225	2644629
1009132;1009136;1009167;1009183;1009185;1009195;1009206;1009208;1009221;1009241;1009242;1009249;1009251;1009252;1009261;1009262;1009272;1009275;1009276;1009277	2644629
1009257;1009259;1009264;1009265;1009270	2644629
1009981;1200254	417295
101007;101015	3746
1010;350893;416016	976
1010474;1010476;1010482;1010488;1010489;1010492;1010502;1010513;1010514;1010515;1010520;1010522;1010527;1010539;1010549;1010557;1010559;1010560;1010561;1010563;1010565;1010566;1010573;1010576;1010578;1010580;1010587	1035835
1010475;1010479;1010483;1010491;1010590	1035835
1010;551990	976
10116;10118	10114
101439;101441;101442	101426
1017330;1017331;1017332	2614977
101996;197825	26867
102129;1616856;1616857	2650499
102684;150054	102684
102822;266114	102822
1029105;1029169;1029486	196821
1030539;1030546	1171708
1033840;1033861;1033863	5583
103482;103483;103484;127553	3511
1036339;1036340;1036341;1036343;1036344;1036346;1036347;1036348;1036349;1036350;1036352	48479
1037365;1349703	196814
1037963;1400580	2640095
1040989;1070003;1070022;1534853;1534901	2631580
104108;1820002	773
1041634;1041635	2613784
104252;104253;173282	3972
104270;1680681	104267
104687;104752	2784887
1050619;1050687	2626047
1050620;1050689	2626047
1050627;1050629	2626047
1050632;1050633	2626047
1050638;1050639	2626047
1050645;1050647;1050648;1050651;1050652;1050653	2626047
1050646;1050650	2626047
1050647;1050648;1050651;1050652	2626047
1050655;1050660	2626047
1050662;1050663;1050666;1050702	2626047
1050665;1050705	2626047
1050667;1050669	2626047
1050677;1050681	2626047
1050699;1050701	2626047
1051972;1051985	28091
105420;263743	228398
1054419;1054425;1054427;1054429	1354360
106139;255276	2593658
106370;258229;258230	1854
106370;573498	1854
106393;333947	35094
106592;555315	106591
106649;1341679	469
10665;336724	10662
1068530;1068558	139836
1068535;1417823	139836
1068548;1077561	139836
1070004;1070018	2631580
1070008;1534890	2631580
1070034;1534889	2631580
1072671;1075418	196159
1073793;1075239	13817
107401;1349785	107401
107401;584609;915352	104267
1075125;1178349	98966
107766;223805	107765
1078684;1078685;1078686;1078687;1078688	1664438
1078690;1078691;1078692;1078708;1078709;1078710;1078715;1078726;1078727;1078735;1078736	106591
1078700;1078748;1078749;1078750;1078751;1078752	106591
1078703;1078704;1078717;1078728;1078729;1078730;1078732;1078733;1078734	1664441
1078737;1078738;1078739	2633371
1082589;1082593;1082594	2081515
1087343;1087352	2645622
1089491;1445791	2631580
108980;981336	108980
1090070;1090071	1236
1090072;1090073	194690
1090356;1090357	2613784
1090365;1090366	2613784
1090435;1090436;1090437;1090441	2613784
1092;115852	191412
1094238;1323769	322455
1095415;1495175;1495176;1495178;1536938;1536939;1537748	196821
1096779;1582270	469
1096814;1096816;1096817;1096819;1096821;1096822;1096823;1096843;1096860;1096861;1096876	2619320
1096814;1096816;1096817;1096819;1096822;1096843;1096876	2619320
1099075;1103170	65207
110037;1735915	110036
110065;1396496	1134080
1105076;1105080	81067
110520;164412	6677
110524;261879	6679
1114224;1114236	283434
1115958;1115964	2613772
1120548;1120549	2631580
112057;339606	91051
112081;112083	4765
112135;373637	6547
1121891;1128970	237
1124200;1124205	1002519
112429;113067	80595
1125996;1227510	211524
1128141;1189590	549779
1131413;1131414	2321207
1132378;1869261;1917243	123760
1133850;1203460	311982
113395;1179072;1561434	2631580
1136143;1136144;1136145	2626047
114122;114128;114129;114130	114121
114156;114157	279888
1142044;1142052;1142058;1142059;1142062	2623549
1142047;1702568	2623549
1142064;1142065	2623549
1142064;1142066	2623549
1145241;1145242;1145243	185979
114524;114525;114526	4930
1145244;1155656	185979
1145247;1145252;1145259;1155557;1155558;1155561;1155564;1155569;1155571;1155578;1155580;1155584;1155594;1155598;1155599;1155600;1155601;1155602;1155611;1155612;1155621;1155639;1155644;1155645;1155649;1155663;1155664;1155666;1155678;1155685	185979
1145247;1155642	185979
1150880;1406224	10501
1155589;1155684	185979
115711;115713;138677;182082	83558
115711;115713;138677;182082;272561;471472;471473	810
115751;115752;115753	2626047
115806;551898	2631580
1160;329540	1160
116085;717962	116085
1162089;1193138	1162084
1163614;1198378	2615035
1175456;1175471	2622466
1179827;1184187	1236
1179862;1179864;1179865;1179876;1179903;1179904;1179907;1179908;1179964;1179965;1179973;1179975;1179976;1180100;1180104;1180105;1180106;1184178;1184179;1184195;1184196;1184197;1184198;1184199	1236
1179955;1180122	2614977
1193132;1193133;1193134	196816
1193132;1193134	196816
119348;164851	48479
1196005;1196006	232611
119758;1287624	78882
119758;198807	78882
119856;135248;430556;441952;1088870	263
119996;386443	50241
120045;264203	120045
120161;363697;363698	85624
1209240;1209301	114295
1211;100272	131567
1211;77133	2
121214;526546	43271
1216529;1432896	704302
121759;502780	121759
1217652;1341683	396323
1217689;1810389	909768
1219836;1219837;1219838;1219839	257649
1219968;1219972;1219996	2632575
1219969;1219997	2632575
1219985;1219986;1219987	2632575
1221070;1221075	50657
122353;254669	122330
122789;122792	122788
1229338;1229347	2623750
1229339;1229340;1229341	2623750
1229643;1229644;1229645	1229642
1232734;1343919	644269
1232944;1232945	2620880
1236114;1236119;1236127;1236128;1236135	196869
1236114;1236130	196869
1236117;1236118;1236131;1236132;1236133;1236137	196869
1236117;1236118;1236131;1236132;1236137	196869
1236123;1236124	196869
1236126;1236158;1236161	196869
1236134;1236136	196869
1236138;1236139	196869
1236142;1236145	196869
1236148;1236149;1236150;1236151;1236152	196869
1236148;1236151;1236152	196869
1236153;1236154	196869
1236158;1236161	196869
1236163;1236168	196869
1236169;1236170;1236171	196869
123769;123770;123772;123773;465042	123768
1240137;1240138;1240140;1240199;1240200;1240201;1240202;1240203;1240205	2631580
1240339;1240340	2949
1240341;1240342	304325
1240343;1240344	279888
1240572;1240573	2637901
124277;124278	40679
1245406;1245408;1245409;1245411;1245412	2613784
1245414;1245440;1245441	1245441
1245741;1418005	2646442
1247650;1285688	2619320
1248484;1248488;1248494;1248521;1248554;1248560;1248568;1248576;1248585;1248590	40678
1249822;1249825	185979
1249822;1249862;1249868	185979
1249824;1249869	185979
1249862;1249868	185979
1252656;1289762	7408
1259739;1260628	1259738
1260140;1260142;1260159;1260166	2648731
1262111;2057556	47455
1263553;1263556;1263561;1263562;1263565;1263572;1263574;1263582;1263584;1263592;1263594;1263599;1263606;1263614	2645622
1263553;1263556;1263561;1263562;1263565;1263574;1263582;1263584;1263594;1263599;1263606	2645622
1265344;1265346	9
126844;1130067	795339
126844;228097	4782
126940;231413	126939
1271531;1755298	2628318
1274991;1274992	2641955
1276152;1276153	2633855
1277094;1277098	2647285
1277943;1817594	48601
1278369;1278528	196896
1278370;1278530	196896
1280;158878	1280
1280;158878;418127	1280
1280;93061	1280
1280948;1494640;1494642;1494643	85
1281429;1281433	163471
1285;1141106	1285
1289135;1391669	29521
1292105;1292126	196198
1292107;1292137	196198
129347;129348	4783
1295009;1406512	1406512
12968;227992	12967
1297617;1898207	186802
1299;32630;243230	1299
129963;129967	2638140
13001;1300151	1028423
1302942;1302946	2633351
130316;150586	96783
13040;423612	13039
1306;1313	1301
1306996;1307010;1307013	2631580
1307441;1307444	1583098
1307889;2057747	2636038
1308872;1308873;1308874;1308875;1308877;1308878;1308879;1308880;1308881;1308882	2613769
1308872;1308873;1308874;1308875;1308878;1308879;1308880;1308881;1308882	2613769
1308876;1308887	2613769
1311;1320	1301
1311;1346	1301
1311;888745	1311
1312089;1312103;1312105	2630416
13136;77133	48479
1316250;1332847	163471
1316651;1316652	2302909
1323464;1323466;1323467;1323469;1323472	1244970
1323978;1324032	3179
1323981;1324020	3179
1324026;1324042;2583858	2041618
1325088;1325089	2631580
132615;1527297	4783
132658;132659;132661	48479
1326;82348	1301
1327006;1327008;1327009;1327010;1327011;1327012;1327013;1327014;1327015;1327016;1327026;1327027;1385683;1385685	1166
1327972;1747283	1918522
1328029;1747284;1747285	1918522
1328;1000570	1328
1328;1671923	1328
1335;197614	1301
1342444;1342445;1342446;1342448	325217
134455;360399	4783
1346525;1346526	693231
1351;1261557	1351
135297;135298;135299	2633351
135487;1042912	1817
135528;135529	2633481
135910;1286782	135866
13626;476178	13625
136462;200886	136461
1366293;1366296	996372
1366310;1367201	35127
1366334;1366455	2628725
1366486;1367597;1367598	86539
13760;104009;214229	13759
137716;137717;137718	2634919
13779;40811;40815	3146
13805;128204	13804
138088;239416	4381
1382730;1382731	2642050
1384378;1384379	2643399
1387313;1454128;1454129;1454131;1454132;1454135;1454139;1454140;1454141	1883
1390865;1390866;1390867;1390868;1390869;1390870;1390871	2648599
1391046;1719169	283513
1391070;1391071;1391073;1391074;1391075;1391077;1548434;1548435	2593676
1391681;1391684	2649512
1396;1405	86661
1396;1428	86661
1396;1428;155322;2026192	86661
140026;872466;872467;872468	1975592
140046;147705;944626	4782
1400577;1400578	5782
1400992;1708715;1708721;1708723	106591
1402;72360	653685
1408;1454	186817
1414192;1414267;1414282	2640676
141424;141426;141428;141431;141433;141434;141435;141436;141437;197033	279888
1416510;1416513	880158
1417477;1417517	2613784
1417554;1417575	325217
1419439;1419449;1419450	108385
1420937;1420938	2600219
1422;272567	1422
1423;1227747	1423
1425228;1425229;1425230;1425231	2631580
143163;143165	3015
1435135;1435136	272378
1440342;1440343;1440344	2631580
1440986;1440988	2649436
1442870;1442871	196821
1442877;1442879;1442888;1442890;1442894;1442900	196821
1444688;1444689;1444690;1444691;1444692;1444707;1444708	908989
1444694;1444695;1444696	908989
1444698;1444704	908989
1445580;1445581;1445582;1445583;1445584	194690
145522;1104435	5748
1455920;1455921	651140
1455983;1455984	651140
1456068;1456069	651140
1456091;1456092	651140
1456118;1456120	651140
1456126;1456127	651140
1456154;1456155	651140
1456177;1456178	651140
1456194;1456196	651140
1456208;1456209	651140
1456356;1456357	651140
1456367;1456368;1456369;1456370	651140
1456388;1456389	651140
1456398;1456399	651140
1456452;1456453	68359
1456475;1456476	68359
1456484;1456486	68359
1457767;1457768;1457769	68359
1458496;1458497	196858
1458498;1458499;1458500;1458504	2635139
1458498;1458500;1458501;1458502;1458503;1458504	104267
1458498;1458500;1458501;1458503;1458504	104267
1458501;1458505;1458506;1458510;1458511;1458513	2635139
1458505;1458506;1458507;1458508;1458513;1458514	2635139
1458506;1458510;1458511	2635139
1458506;1458513	1458513
1458507;1458508;1458514	1458514
1458509;1458512	2635139
1458510;1458511	2635139
145927;145939	59329
1463269;1463277;1463285	304043
146760;150623	47933
1471936;1471937	48479
147448;147449	NA
1482742;1482743;1482744;1482746;1482748;1482749;1482750;1482752	2614977
1483300;1483302;1483303;1483319	2671791
1484225;1484231;1484236	2631580
1484258;1484269;1484271;1484273	2631580
1491;1509	1485
1491515;1491563	2645964
1492313;1492314	2637210
1494611;1494612;1494620	NA
1494624;1494636	2630699
1494625;1494626	2630699
1494627;1494636	2630699
1494642;1494643	2630699
1498144;1498145	2613769
1500789;1507454	323723
1502;451756	1502
1513202;1513209	1513202
1514169;1514170;1514171;1514172	1366303
1514169;1514170;1514172	1366303
1520832;1520833;1520834;1520835	2621516
1521401;1521402;1521403;1521405;1521406;1521407;1521408;1521409;1521410;1521411;1521412;1521413;1521414;1521415;1521416;1521417;1521418;1521419;1521420;1521422;1521423;1521424;1521425;1521426	1892263
1521768;1521769;1521770;1521771	2631580
152509;344338	2
152704;1074198	33634
1530050;1530062	196816
1530608;1530610	2619630
153406;243330	243881
1534559;1534560;1534563;1534566;1534567;1534778;1534779;1534780;1534781;1534782;1534783;1534784;1534785;1534786;1534787;1534788;1534789;1534790;1534791;1534792;1534793;1534794;1534795;1534796	13786
153809;167065	1224
153809;285980	1224
154535;1672086;1672088;1672090;1672091;1672092;1672093;1672121;1672129;1672130;1672131;1672142;1672144;1672191;1672195;1672209;1672210;1672211;1672216;1672217	1129
154535;1672087;1672099;1672100;1672104;1672158	1129
154557;1075217	311979
1547939;1547941	140320
1549928;1549929;1549930;1549931;1549932	2631580
1552834;1552838;1552842	71469
155744;155746;155749	2621467
155745;155747	2621467
156097;156098;156099;156100;156110;284963	2040470
156102;156103;156104	2034146
156122;284971	2064757
156181;284787;284792	2608131
1562704;1562740	768
156424;665084;665085	914
1565378;1565384	2688384
1565435;1565438	1236
156616;156788;156817	156614
156740;156745	156614
157278;1117990	407
1573423;1573424	68764
1579833;1579839;1630623	2
1580;220674	33958
1580873;1580875;1580877	51727
1580873;1580877	51727
1580878;1580880	2060747
1582;219334	1582
1583382;1583399;1583424;1583426;1583427;1583435;1584139;1584140;1584555;1584556	2614977
1583383;1583605;1584959;1584970	2614977
1583392;1583453;1583465;1583543;1583550;1583557;1583592;1583596;1583623;1583653;1583665;1583672;1583673;1583711;1584019;1584259;1584557;1584579;1584584;1584605;1584613;1584616;1584629;1584637;1584655;1584656;1584663;1584665;1584673;1584704;1584732;1584744;1584763;1584774;1584793;1584795;1584798;1584805;1584806;1584849;1584937;1584956;1584993;1585020;1585032;1585036;1585055;1585077;1585102;1585114;1585116;1585140;1585147;1585149;1585151;1585153	2614977
1583451;1583622;1583641;1583744;1583767	2614977
1583551;1583554;1584327;1584367;1584403;1584496;1584549	2614977
1583635;1584067	2614977
1583662;1583663	2614977
1583693;1583796;1584815;1584856	2614977
1583766;1584944;1584969	2614977
1583789;1583806	2614977
1583838;1583839	2614977
1583880;1583892;1584045;1584059;1585162	2614977
1584;29397	1584
1584389;1584754	2614977
1584668;1584740	2614977
158492;244021	703534
1584963;1584964;1584973;1584974;1585122	2614977
158878;158879;359786;359787;418127;450394;505321;543540;553565;553568;553571;553573;553574;553577;553580;553581;553588;553592;553596;553601;585891;680649;681288;703339;889933;904723;904731;904739;904750;904775;904780;904783;904792;931432;931434;931439;931440;931444;931446;931455;931458;1074919;1116214;1116215;1116216;1116217;1116218;1116219;1116220;1116221;1116222;1116223;1116224;1116225;1134842;1137129;1157004;1157005;1157006;1157007;1157008;1157009;1157010;1157011;1157012;1157013;1157014;1157015;1157017;1157019;1157020;1157021;1157022;1157023;1157025;1157026;1157029;1157030;1157031;1157033;1157034;1157035;1157036;1157037;1157038;1157039;1158461;1158462;1158463;1158464;1158466;1158467;1158468;1158469;1158470;1158471;1158472;1158473;1158474;1158475;1158476;1158478;1158479;1158480;1158481;1158482;1158483;1158484;1158486;1158487;1158488;1158489;1158490;1158491;1158492;1158493;1158494;1158496;1158497;1158498;1158499;1158500;1158501;1158502;1158503;1158504;1158505;1158506;1158507;1158509;1158510;1158511;1158512;1158513;1158514;1158515;1158516;1158517;1158518;1158520;1158521;1158522;1158523;1158524;1158525;1158526;1158527;1158528;1158531;1158533;1158535;1158536;1158537;1158538;1158682;1158685;1158686;1158687;1158688;1158689;1158690;1158691;1158692;1158693;1158694;1158695;1158696;1158697;1158698;1158699;1158700;1158701;1158702;1158703;1158704;1158705;1158706;1158708;1158709;1158710;1158711;1158712;1161392;1169256;1169257;1169258;1169260;1169261;1169262;1169263;1169264;1169265;1169266;1169267;1169269;1169270;1169272;1169273;1169274;1169275;1169276;1169277;1213721;1213722;1213723;1213724;1213725;1213726;1213727;1213729;1213732;1213733;1213734;1214901;1216363;1224919;1224920;1224921;1224922;1224923;1224924;1224925;1224926;1224927;1224929;1224930;1224931;1224932;1224933;1235277;1258575;1303780;1303781;1303782;1303783;1303784;1303786;1303787;1331008;1334631	1280
158878;418127	1280
1591126;1591127	2643310
1591128;1591129	2643310
1591140;1591147	2643310
1592349;1592351;1592352;1592353;1592368	1783272
1596190;1596210;1596211	163160
1596737;1596740	265461
1605903;1605906	2613784
1606162;1606170	2631580
1606318;1606322	2631580
1607959;1607960	1607958
1607961;1607962;1607963;1607964;1607965	1607958
1607961;1607963;1607964	1607958
160839;208882	56741
1608573;1608574	2641215
161124;161126;161128	161121
1612603;1612606	2632611
1612612;1612617	2643050
161662;1075293	237584
1616856;1616857	2650499
1616865;1616880	1890424
1616877;1616878	2609805
162156;165157	816
162156;180828;188903	2
163165;163170;163668	2
163273;368071;1089494;1548993;1548994;1548995;1549034;1549040;1549045;1549058;1549080	2631580
1633754;1633768	1633772
1633756;1633757	1633772
163516;1514140	2836
1637330;1637331;1637332;1637333	2649764
1639;1642	1637
163993;164007;1123844	36713
1642461;1642462	136190
1642537;1642538	1642536
165187;188883	1678
1653210;1653211	96574
1653217;1653222;1653228;1653243;1653244;1653250;1653252	119067
1653220;1653229;1653236;1653241;1653247;1653255;1653256;1653258;1653261;1653267;1653270	119067
1653221;1653239;1653249;1653266;1653271;1653272	119067
1653281;1653282	33811
165436;212695	117743
166321;166322	2626047
166322;1050711	2626047
1672123;1672127	2626047
1672161;1672162	2626047
167237;1920687;1926850;1926851	33103
167554;167556	1219
1676755;1676757	9
167729;232202	3257
1681;1692	1678
168169;356821	409304
1682037;1682038	3132
1683049;1683050	83889
1683093;1756169	2683265
1685;326426	1685
1686;566552	1686
169940;991109;991110;991111	169939
1702536;1702538;1702539;1702540;1702541;1702542;1702543;1702544;1702545;1702547;1702548;1702549	2623549
1702574;1702578;1702579	2623549
1702578;1702579	2623549
1705852;1705855	85254
170679;446372	662
171259;1239450	2830
171831;171833	67246
171955;368060;1089512;1157501;1548982;1548983;1548984;1549031;1549032	2631580
1729234;1827091	467749
1729235;1827091;1827092	467749
172968;1674929	2774
173066;173078	44596
173;44275;90062	173
173728;173729;173730;173731;174035	2633481
173747;173748	2633481
1737515;1737520	613
1740109;1814285;1814288	196894
1743173;1855598	2640945
1745482;1745671	1745481
174702;411021;411022;411023;411026;411033	196821
1747053;1747054	2635362
1748549;1748568;1748597	1748548
1749311;1749312	2633043
175245;246267	4751
175245;413698	4751
175247;1229259	4761
175278;440714	33208
1755261;1755262	2648775
1759591;1759592	2050566
1759621;1759639;1759643	2637345
1759633;1759634	2637345
176178;454130	5052
176275;655819	176275
1762961;1805477	2614128
176299;1176649	1176649
1765;1773;33894	1773
1766;144550;1214102	1766
176709;1209812	33926
1767;487521	1767
1768;557599	1768
1777598;1793135	36664
1777909;1777949	267147
1779244;1779246	2623933
178005;178007	88474
1783;222805;487521	1763
178356;1236119;1236127;1236128;1236129;1236135	237
1784;1789;28045	1763
1793;39694	1866885
1795590;1795623	1219
1795602;1795609;1795615	1219
1795611;1795621	1219
179795;2058882	3028
180228;1073397	2759
180441;1236112	237
1805478;2485926	1643824
1807286;1807289;1807290	2617910
180838;180839	2640676
1810375;1810381	2617964
181800;181801	3148
1818277;1818278	2086555
1818279;1818284;1818295	2086555
1818340;1818341	1818123
1818595;1818596;1818597;1818602;1818603;1818604	1962113
1818600;1818605	1962113
1822338;2558455	2647621
1827735;1827742;1827744;1827753;1827754;1827928;1827952;1828001	2593676
1829;1833	1827
183355;183379	50515
183512;1543310	2825
183512;341153	2696291
183512;882199	2825
1840277;1840283;1840297;1840299;1840301	2638319
184503;426038	130975
184528;457556	31314
185014;185015	2625285
185293;915438	185293
1854885;1854938;1854939	2646942
185983;186029	2857
186039;186040	186035
186163;1862977	4782
1862977;2125995	4782
186520;476181	23222
1875773;1875775	177942
188064;188070	2619321
1881268;1881269	2184034
1881380;1881385;1881386;1881388;1881393;1881394;1881395;1881396	196896
1881412;1881444	2175602
1881415;1881416	196895
1881452;1881453	196895
1881751;2324092	329961
1881752;2332555	7149
188584;211920	86795
188723;188727	2631580
1888;67257;67333	1883
1890622;2340005	41829
1892;1911	629295
1892;1911;1926	1883
1893377;1893378	2630112
189456;189457	189454
189518;267671;573825;996802;996803;996810;996811;996812;996813;996814;996815;996816;996817;996818;996819;996820;996821;996822;996823;996824;996825;996827;996828;996829;996832;996833;996834;996835;996836;996837;996838;996840;996841;996842;996843;996844;996845;996846;996847;996849;996850;996851;996852;996854;996855;996856;996857;996858;996859;996860;996863;1001586;1001588;1001594;1001596;1001597;1001598;1001602;1001603;1001986;1001987;1049795;1049804;1049806;1049819;1049820;1049821;1049904;1049906;1049907;1049908;1049909;1049910;1049911;1049912;1049930;1049934;1049937;1085541;1085544;1085545;1085546;1085547;1085548;1193017;1193018;1193019;1193044;1193060;1218577;1218578;1218579;1218582;1249484;1291310;1291315;1291316;1291317;1291318;1291319;1291320;1291321;1291324;1291325;1291326;1291327;1291328;1291329;1291330;1291331;1291332;1291333;1291334;1291335;1291336;1291337;1291338;1291339;1291340;1291342;1291343;1291344;1291345;1291346;1291347;1291348;1291351;1291352;1291353;1291358;1291362;1291363;1291364;1291365;1291366	173
189542;1656179	776
1898207;1981510	186802
190460;334140	31317
1904773;1904778	867790
190486;1308541	611301
191218;261594	1392
191468;291205	1224
1917383;1917384	110474
192045;228182;228183;320322;574490	4640
1921008;2492962	1921008
1925440;1925478;1925479;1925480	377522
193074;194334;330153	28000
193;2044885	191
193294;365321	10205
195071;1628815	3027
196600;216895	672
196600;216895;345073	662
197045;197047;197048;197049;197052;1089483;1089491;1425279;1445752;1445753;1445754;1445761;1445762;1445763;1445764;1445766;1445767;1445788;1445789;1445791;1549015;1549016	2631580
197229;272128	1892254
197797;197801	26867
198;1031746	198
198252;1115650;1118158	198252
198252;1118158	198252
198802;290739	34509
199683;435877	47420
201684;503042;588325;588326;1169130	201683
202675;453230	2
202950;1120924	202950
2030969;2031013	41212
203267;218496	2039
203449;324688	61964
203700;215759;228193	31380
203774;203775;203776	203773
203846;203848;203849	2628852
2043275;2043278	2685324
2048062;2048063	2569973
205097;1248566;1248619;1248635;1248642	51812
2055422;2055529	107942
208693;208694	1725412
2101601;2102341;2105811	1691144
2105;108818	2093
210;585535	210
2105;880447	2105
210712;210713	2626047
212663;677320;677351;677396;677411;677434;677494;677631;677632;677633;677634;677637;677638;677640;677643;677657;677761;677762;677763;677764;677765;677766;677767;677768;677769;677770;677771;677772;677773;677774;677775;677776;677777;677778;677825;677848;677903;677912;677963;677983;678041;678066;678082;678111;678153;678161;678191;678198;678201;678256;678320;678344;678494	662
212944;1138338	3990
213;537971	213
213810;1161942	1161942
214228;1075058	13382
214932;221359	2626047
214932;221363	2626047
214972;1499105	51102
215801;285041	2637987
216596;347834	379
216939;1276224	216939
219581;223818	55193
221336;1050714	2626047
221350;221351;221353;221355	2626047
2231216;2231217	2638140
223151;291251	74490
2231783;2231784	2631636
223283;264730	136849
2248430;2248438;2248440;2248604	2625679
225164;400682	33208
225338;985895	220671
225805;225807	225804
228686;588810	5140
229276;229277	2638060
230987;230991;230995	279888
231055;1147122	231054
2317;339860	2317
2322333;2322334;2322336	1251154
2322578;2322579	2634699
2324277;2324278	329961
2325405;2325417	2685694
2329711;2329713;2329721	494909
233164;1902828	233163
235270;235271	232080
235275;235277	53409
237471;482556	2944
238673;238674	85620
238694;300314	206111
239943;239944;239945;239946;239947	2638060
240362;310453;856830	407951
242619;431947	837
243090;265606	265606
243274;688269	188709
24;365590	22
244299;291167	35158
244470;244471	13015
245478;245480	245473
247815;247816;247817;247861	2750818
247860;247862	2750818
2492182;2492185	2629062
2492187;2492188	2629062
2495947;2495951	2671793
254346;554065	75966
2548038;2548040	196894
255250;255251	2626047
255261;255262	2593658
255451;380023;380029;411032;411035;411036	196821
2559165;2559166;2559167	146831
256004;264121	6078
257226;257240	49928
257438;1231357	257438
257470;512294	48461
2576542;2576543	2639266
2576552;2576554	558772
257730;1507132	7422
258022;2561917	2891
259829;259830;259833	29203
259830;259831	29203
259834;1365472	1365474
261043;380580	105234
261456;377605;2558453	293275
261662;503418	252141
262969;262970	2629889
264392;1586188	2020849
264463;344338	1239
265278;265285;312059;312092	2306081
265279;312040;312041;312049;312056	2306081
265524;281058	265524
265549;265559	50949
266037;266038	2649934
266110;334144	31317
266805;359680	48073
266818;266820	2643513
267566;866872;866875;866876;866885	1171708
267567;1514174	33847
267567;267982;1514174	33847
267949;267951	1176
268820;268821	1691972
268821;1400434;1400435	1691972
270387;329168	270387
272559;295405;457392;997878;997879;1263046	816
272622;416870;746361;1104322;1111678	1359
272943;317655;349101;349102	28211
272943;349101;557760;992186;1247725	31989
273095;273100	40596
274;562	2
274;562;262724;300852	2
274;562;300852	2
2785;2788	1094566
2786;139732	2784
278769;280587	27322
279761;522327	52989
28037;888048;889201	1301
280463;1841481	2759
280486;926292	280485
280860;280868	2642494
281028;563767	136419
281088;378175	2593666
28137;732236	838
28174;55601	662
281787;281788	2626738
2822;157919	2822
282420;282421;282422;282423;282437;282438;282439;282442;329571;338368;498544;498545;498555;498569;498570;498571;498572;498574;498575;498577;498580;498581;1189340;1189341;1189343;1189344;1189345;1189346;1189347;1189348;1189349;1189350;1189351;1189352;1189353;1189354;1189355;1189356;1189357;1189358;1189359;1189360;1189361;1189362;1189363;1189364;1189367;1189368;1189369;1189370;1189371;1189372;1189373;1189374;1189375;1189376;1189377;1189378;1189379;1189381;1189382;1189385;1189388;1189390;1189391;1189392;1189393;1189394;1189395;1189396;1189398;1189399;1189401;1189402;1189404;1189405;1189408;1189409;1189410;1189411;1189412;1189414;1189415;1189416;1189419;1189420;1189421;1189422;1189424;1189425;1189426;1189429;1189430;1189434;1189435;1189436;1189438;1189440;1189442;1189443;1189446;1189452;1189455;1189456;1189458;1189462;1189463;1189464;1189465;1189466;1189471;1189473;1189474;1189476;1189477;1189478;1189479;1189480;1189483;1189488;1189489;1189490;1189491;1189492;1189493;1189494;1189496;1189497;1189498;1189499;1189500;1189501;1189502;1189503;1189505;1189506;1189507;1189508;1189513;1189521;1189531;1189558;1189559;1189561;1189562;1189563;1189564;1189565;1189566;1189567;1189569;1189570;1189571;1189573;1189574;1189575;1189576;1311646;1311648;1311649;1311651;1311652;1311653;1311655;1311657;1311658;1311659;1311660;1311661;1311663;1311664;1311665;1311667;1311668;1311669;1311670;1311671;1311672;1311674;1311675;1311676;1311677;1311679;1311680;1311681;1311682;1311683;1311684;1311685;1311686;1311687;1311688;1311689;1311690;1311691;1311692;1311693;1311694;1311695;1311696;1311698;1311699;1311700;1311701;1311703;1311704;1311705;1311706;1311707;1311708;1311709;1311711;1311712;1311713;1311714;1311715;1311716;1311717;1311718;1311719;1311720;1311722;1311723;1311724;1311725;1311726;1311727;1311729;1311730;1311731;1311732;1311733;1311734;1311735;1311736;1311737;1311738;1311739;1311740;1311741;1311742;1311743;1311744;1311745;1311746;1311747;1311748;1311749;1311750;1311751;1311752;1311753;1311754;1311755;1311756	54304
28280;130308	130308
283010;299392;299394	4783
283649;1123954	1123954
2843;267567	2842
28448;940283	1434011
284630;284631	257649
284676;284681	1445877
284677;284682	1445877
284693;284726;284727;284729	2647170
284798;284799;284802	2644498
285;1111078	285
2856;1655539	2836
28567;1131646	5042
28572;861550	5094
287;40324	1236
288900;314542;314543	279888
28901;59203	28901
289605;290088	4782
28976;99816	25607
28978;28982;99812;160790	3367
2903;1841481	2759
2903;1856765;1856766	418966
2903;280463	2903
2903;38817	418966
290400;375451;398580	31989
29058;55057	7100
290808;350692;350693;350694;350695	2613784
290817;350697;388086;795756;795760;795774;795775;795780;795782;866814;866817;866819;866820;866821;866823;866824;866828;1630552;1630556;1630557;1630567;1630568;1630579;1630582;1630584;1630585;1630586	2640874
29176;572307	29176
2925;2926;2935;39453;191036;671319;671320;671322;686664	2924
2925;2926;39453	2924
2926;1126607	2924
2926;2932	2924
2926;2945;235267;439205;549692	2864
292800;649753	292800
29281;360837	1783275
29281;550570	48509
29313;36812	1763
2935;39453;39455	2924
293613;293614;315456;392021;416276;452659	780
293613;315456;392021;416276;452659	780
29410;1050634;1050640;1050642	2626047
294185;1326884	1107380
29421;393262	911
29424;39962	445
294;333;47878	286
294381;885313	5759
294;47878	136843
29448;398525	29448
29448;690585	356
29459;120576;120577;444178;520450;520451;520452;520453;520454;520455;520456;520465;520466	234
29461;36855;204722;470137	234
29497;1667103;1667105	662
29497;246167	662
29519;664662	64895
29533;1236113	237
295405;435590	171549
295405;435591	171549
295714;295715	187991
29573;42565	2745
29575;743973	29575
295837;356654	3027
29636;29639	1521262
296584;296589	35461
296591;338969;365044	80864
296814;296817;414688	2593658
297966;1407773	2644671
298653;326424	1854
29908;1397361	29908
29920;53986	4783
299392;299393	4783
299392;299394	4783
300224;1220762	50368
30023;30025	32346
30023;30033	32346
30025;30033;125945	32346
30033;125945	32346
30033;42026	32346
3012;3013	3011
301301;585394	301301
3013;49266;87146;87147;87148;87149;1086085	3011
3013;87147	3011
3013;87147;87148;87159	3010
30192;30194	28641
302171;302172;302173	2649722
303396;2014777	2857
303;941423	286
3046;3047	3044
304923;696268	195038
305;297303;297304	48736
3055;34128	3041
305;564066	305
305684;1380563	268565
305876;324617	642
306535;753088	196896
307492;345552	464929
3076;3077	3071
3082;156112;284943	3041
309132;309134	147538
310571;1074816	94231
3120;111616	3118
312172;312173	100053
31221;45752	31213
312326;312327	656551
31272;929023;1273202;1442608	5820
31276;1032511	31276
314261;1115650	198252
314744;533455	2614977
314745;314749;314754;314778;314789	2614977
314747;533562;533582;533646;533695;533735;533744;533978	2614977
314763;314916;314936	2614977
314769;314991	2614977
314774;533602;533955;533960	2614977
314779;533416;533486;533491;533622;533624;533833	2614977
314782;314784;533410;533468;533472;533586;533785;533798;533799;533820;533985	2614977
314799;314811;314839;534142	2614977
314800;314807;314812;314816;314824;314828;314831;314832;314834;314835;314843;314845	2614977
314803;314813;314822;314838	2614977
314804;534170	2614977
314818;315044	2614977
314829;314830	2614977
314850;314899;533487;533566;533619	2614977
314865;617132;617133;617134;882102;989499;990314	662
314871;677200;677228;677235;677849;677973;678129;678227;722968	2614977
314882;533479;533949;534015	2614977
314891;314978;314980;315059	2614977
314902;314910;314920	2614977
314911;314973	2614977
314915;314940;314947;314954;314959;314983;314996;534054	2614977
315018;534029	2614977
315044;677936	2614977
315045;315060	2614977
315456;392021;416276;452659	114277
317100;317101;317102	2811
317547;317548	6151
318161;318167	22
318167;326297	22
318;319	29438
319000;1070014;1070047;1070053	2631580
31963;33013	28447
320441;1917383	110474
321269;361581	104267
321;83167;591153	317
321961;936052;1171612	33926
325240;399599;402882	62322
326886;326887;326889;326890;326891;326892;326894;326895;326896;326897;326898;326900;326901;326902;326903;326904	2629106
328424;328425	329934
329463;359385;487904	338
33010;997355	33010
33013;33014	28447
33045;357758	773
33045;357758;357759;573730	773
33045;386865;386866	773
33085;41668	5758
330879;746128	746128
33124;84173;84176;84178;84192;84202;459193;459196;459198;540245;644811;644813	26777
33165;74104	4910
332114;332120;332121;332122;332124	3179
332121;1324036	3179
332321;587030	4890
332952;510516	2720871
3338;3344	139272
334137;457550	31317
33423;171917;328831	33416
334415;428441;428443	1489922
3345;151559;399189	139272
3347;3352	139271
336125;1197762	153868
336724;1278444	10662
336724;1278483	10662
336724;1278534	10662
3369;99810	3369
337183;337264	24647
338192;1229908	338191
33901;68196	1482596
33905;1254439	33905
33945;1140002	33945
33989;246888	114277
340099;399726	1754
34034;214038	28221
34065;53410	251698
34077;103690	2593658
340;92826;461406	339
34105;519441	34105
343074;343079	2684926
346754;346755	41103
34;675543	34
346855;1202177	295611
349857;349867	196806
350089;350090	2645653
350698;866815;1630549;1630565	2640874
350700;388088	2640874
350700;425394;795757;795758;795759;795761;795762;795763;795764;795765;795766;795767;795768;795769;795770;795771;795772;866816;866825;866826;866829;866830;1630551;1630553;1630555;1630560;1630570;1630573;1630574;1630580;1630583;1630587;1630588	2640874
3507;21017	3504
35128;296543	35128
35128;49265;265564;340023;1268954	35127
351439;1147738	37098
35200;935621	935621
355467;707106	192944
357233;1388748	357233
35772;452530;501032;1078479	33926
35777;37701	33926
35777;866590;1232628	85620
35779;100379	85620
358022;696974	358016
35806;78245	28211
358574;1089553	1089553
358800;1248520;1248537;1248548;1248551;1248564;1248565;1248578;1248579;1248580;1248583;1248584;1248586;1248587;1248591;1248593;1248594;1248595;1248596;1248597;1248599;1248600;1248601;1248602;1248603;1248604;1248605;1248606;1248607;1248609;1248610;1248617;1248618;1248620;1248621;1248622;1248623;1248625;1248626;1248629;1248630;1248636;1248638;1248639;1248640;1248641;1248643;1248644;1249238	51812
360196;657445	657445
360910;420662	80840
361139;1410327	361139
362592;362593	2172983
36331;186163	1448052
36331;186163;529119	1448052
365517;365518	2644735
367737;944546	28197
368121;368258	1236
368456;368463	481632
36911;306902	36911
3691;43335;113636	3689
3708;3711	3705
371839;392020	2613769
371884;371885	132710
372185;372186	372087
372657;372658;372660	2638247
373010;373011	704140
37303;1304951	13778
373884;373885	196779
37399;414043	37398
37487;765910	37487
375353;1212817	53413
375555;614647	2637901
376;172087;1178967;1549051;1549052;1549073;1549074;1549088;1549091;1549098;1549099;1549100	2631580
376355;433956	261839
376365;433957	2910
376619;393011;458234	119857
3767;332388	3767
379731;381754	286
380;28106	663276
380;61013	82115
380703;382245	642
38145;165143	2
38145;77133	2
3818;130454	3817
382093;1592665	96236
382268;382272	12333
382354;382356	196896
382390;385420	1366303
382397;1792275	382376
382531;382564	451442
382543;382547;382580;382581	2644096
382652;674790	35133
38274;38276	3038
383629;391619	221822
383925;546467	2627022
384;1736679;1736680;1736681	379
384;754774	384
38544;1227380	38543
38545;1405809	28021
3870;3871;183966	163729
38705;257763	147366
3880;428386	3880
388046;388047;388049;388050;388051;388055;1630543;1630544;1630547	2640874
388051;388054;388055;1630543;1630544;1630546;1630547	2640874
388054;1630546	2640874
38817;284784;284790	418966
3885;157791	163735
388589;1050967	7730
38949;373637	301959
390530;390533	2644344
394396;394397	2624447
39492;657319	39492
396024;573508	5052
39695;182220	1866885
398579;458817	22
398667;1081871	35072
39946;39947	4530
400219;400220	2640676
400667;509170;509173	470
401739;401740;401741;401742;401743;401841	2641698
402107;402108	537838
40366;47314	32335
404108;404109	403978
405181;874808	6752
405981;889336	889336
40602;425013;1806558	5110
406756;406759	44169
407273;407274	407272
408540;408544	2645675
408580;1150624;1150625	408580
408;661410	408
4097;4098	4085
40986;378505	2924
40990;928724	40990
411024;411025;411042;411043	196821
4112;1211614	4107
411483;1755626	216851
411966;1260963	1184
412158;882317	2830
41281;1470541	5052
412965;413404	32036
413497;1159560	413497
417203;616819;616822	119060
417574;1441457	417574
41807;159856	9822
419610;426355	119045
420247;634498	2172
420406;936341;1232631;1232634;1232635;1232639;1232642	33926
4205;237933	4204
42192;44597;373637	6545
422210;422211;422212;422213	228096
42251;59557;60458;64386	36048
425840;425842;425948;525716	3319
426078;426079;426080;426081;426082	2648630
426114;554130;554132	32012
426400;426404	227072
426932;859518	38196
429111;429113	2645886
431328;1487558	59796
431834;431835	211524
435590;435591	171549
435591;469591;469592;563193;999416;999417;1262912	171549
435912;1123496	435912
436402;868601	780
43662;1165091	53246
437713;437714;1156992	5935
439778;439779;439787;439788	3041
439790;439791	2109548
439928;439929;658448	439927
44008;1121864	44008
440568;1191460	469
442694;456327;487837;1101443	338
443219;457354	211524
443219;457354;708009	211524
444876;536472;536475	28883
445021;1425274	2631580
445438;619325	7443
44597;112135	6545
446535;446539	2626688
446795;1425273	2631580
44689;352472	44689
447978;507818	447977
449422;449423;449424;449425;449426;449430;449431;449432	196869
449435;449436	196869
45068;45070	445
452027;452043	1391737
452053;1075215	304325
452201;991101	169939
455448;455449	1126
4558;91525	4557
4565;112509	147389
4568;4572	4564
456910;456911;456912;456913	2644344
456946;456948	2644344
457478;457479	201914
4577;381124	4577
45838;1426227	4107
45839;50511	4107
463551;463552;463553;463554;463555;463556;463558;463559;463561;908285	712
46358;2267729	773
463600;1780476	463599
463622;463623	655776
463873;1679802	3487
464701;1390379	155616
46503;77133	2
465777;475233	467778
467565;467579	49928
467787;467792	211524
468000;468001;468010;468012	2593292
468353;1342654	2603561
46947;704171	2759
47002;63122	38568
470082;470101	2726947
470;28090	469
470;40214;48296	469
4720;446125	4719
472;28090	469
472689;574096	53335
474394;490190	662
4766;102136	4762
4770;334526	4769
47714;113557	1597
477207;477208	2638500
478021;637997;1480069;1480071;1480072;1480073	77022
4784;231958	4762
4784;4793	4783
4787;403677	4787
47877;264452;264455	136849
479127;479278	479126
479258;479263	479176
479284;479285	2624481
47934;120300	47933
47934;120300;146760;150623;447208;497816	2864
47934;1273570	2759
47934;150597;150622;150623	47933
47934;77931;704171	2759
47934;77931;704171;1123954	2759
47934;77931;83649;146760;150622;195504;704171	2759
47934;83649	47933
479719;1104433	517359
480029;480030	228096
482587;542347	542347
4853;76405	4852
485846;485847;485848	2657482
4860;34480	4859
486918;486919	2640676
487;1172206	487
487688;487698;487724	40323
487715;1292132	196198
487726;1292116	196198
489913;1073081	744724
491937;491938;491943;491944;491945;907206	641
492293;492321	185979
49249;59812	49247
49265;291032	35127
49266;87146;87148	3011
49266;87146;87149	3011
49266;87146;87149;757423	3011
49266;87148;87149;87150;757423;1086085;1086086	3011
49266;87149	3011
4932;559292	4932
49422;679918	49422
494236;662513	494235
4952;1437815	4952
495;214482	495
49581;57722;178799	91882
497116;497117;497118;497119;497120	36866
497122;497123;497124;497125	36866
497126;497128;497129;497130;497131;497132;497133;497134;497135	36866
49773;113208;126903;300354;304129;304130;304134;304136;304143;304153;374021;374022;374023;374024;374028;374029;374030;374031;374534;374535;374537;374538;374540;374544;374545;374547;374554;374556;374558;374566;374567;374569;374570;374571;374572;374573;374574;374575;374577;374578;374580;374581;374582;374583;374584;374587;374589	24663
498221;498223	219829
499620;519348	2875
499850;1488322	1892251
501152;501161	167971
501823;501853	2648997
501832;501852;502049	168934
501836;502049	168934
501839;501843;501845;502049	168934
501848;501849	2648997
501863;501868	2648997
502065;502069	2631580
502066;502067	2631580
5062;510516	5062
50712;432296	59282
509112;509113	33809
511566;511567	106181
511586;1735832	63903
512312;1172164	2
512649;512652;512653;512654;512655	662
512650;1219064	512650
51501;186128	51426
515394;515395;515396;515400;515401;515402;515403	2647522
515517;515518	6609
515619;1898203	186928
516075;1141660	516075
516301;516353	2593676
51714;1737510	3066
518603;519849;526347;550747;550748;550773;565575;626095;626096	2130
519983;519984	2610885
519986;1580879	51727
520708;1530052;1530053;1530056	196816
522546;522547	49928
52584;708450	29521
526306;526307;526309;526310;526312;526318;526319;526323;526324	33811
526315;526316;526320	33811
52641;371417;703087;1417799;1417801;1417802	6821
5270;237631	5270
5276;5407	5404
528063;1265715	31989
529;335286	234
529;94625	234
529;94625;335286	234
529;94626	234
53046;82261;154293	1437183
5315;34461	5314
53267;285713	13786
53267;440082	13786
53267;60131	2507902
533367;533418;533426;533430;533433;533439;533451;533504;533540;533560;533561;533578;533583;533584;533608;533609;533612;533618;533636;533832;533854;533869;533874;533876;533889;533891;533910;533934;533938	2614977
533383;533656;533898;533967;533968	2614977
533392;533551;533575;533708;533710;533762;533818;533842;533848;533858;533879	2614977
533419;533782;533887	2614977
533473;533850;533964;534264	2614977
533546;533598;533621;533648;533911	2614977
533547;533775	2614977
534028;534033	2614977
53406;592361	286
534126;534171;534238	2614977
53462;1209984	53462
535083;535084	2620259
536451;536452	12333
536468;536474	10239
53707;59511	136849
53983;299392	4783
542371;711003	2
542382;710812	48479
542473;710778	2
542478;710783	2
542479;710822	2
542507;710994	2
542512;710993	2
542527;710730	2
542528;710726	2
54319;54343	909696
543360;1473334;1473347	286
544645;1472417	574697
546;308866	544
546;562	543
548;28090	1236
54859;879914	4697
549;48984	549
550;301102	354276
550;336306	550
550747;550748	2130
551765;1032238	2321108
551947;551949	2631580
552520;613186	436243
552669;647105	467050
554078;1549805	543769
554389;554391;554392;554393;554394;554395	196821
55488;55489	55487
55492;652455	16365
555;558270	555
55570;55576;55577	4672
555;796124	122277
555838;555839	655776
557120;557122;557124;557125;557126;557128	2613769
559518;559520	2636335
56;2093377	39643
562;1296536	543
562;143777	543
562;316401	562
562;366837	562
562;4932;300852	131567
562;573;584;58097	91347
562;573;615	91347
562;623;624;156539	1236
562642;562646;562648;562650	90141
562;83333;536056	562
562965;562966	2640225
56408;56409	29832
56448;487822	56448
56450;1219375	56450
56641;282267;282269;282271;282272;488412	5506
56730;56731;147700	379
56765;86473	2
568749;568750;568752;568753;568754;568755;568756;568757;568758;568759;568760;568761;568762;568771;568772;568773;568774	2622466
568751;568763;568767;568769	2622466
569;1002364	569
5691;5697	39700
57043;77133;285091;564033;564038	2
5722;412133	5722
573;1087440;1094170	573
573;1406314	573
573;1972431	543
573;61645	543
573;72407	573
574560;1004151	29487
57489;630408	57488
57575;126663;180811;220703;353264	57569
5759;294381	5759
576610;1819724;1855647	44013
576611;1743169;1855636;1855893	44013
577451;577452	203864
580033;1031542	1031542
580;1006000	579
5807;237895	5806
5808;1729943	5806
5821;5823	5821
582203;582239	257493
582260;582261	257493
58308;504590	46874
583345;666681	359407
586914;1055704	95295
58712;90371	59201
588596;747089	588596
5886;43139	5884
5886;65128	5884
58917;58919;88838	452283
589430;589431	47253
5898;427277	5890
590122;1126528	3014
5911;312017	5911
59310;315405	1301
593517;593518	2614977
595396;595401;595421	2624920
595396;595407;595410;595418;595422;595426	2624920
595408;595411;595423;595428	2624920
596090;882655	49928
59620;188895;352091;352092;352093;352122;352123;352125;352127;352131;352136;352140;352148	1485
59620;77133	2
596;90371	59201
597283;597284;598478	22973
59866;59877	4030
59920;74546;93059;167539	1219
59922;74547	1219
599;59205	590
59983;175059	49647
603423;603424;603425;603426	132604
604089;1236111	237
604089;1236111;1236169;1236170;1236171	237
60555;1168289	989
6087;795127	6083
60890;1580596	302485
611301;1137651	611301
61426;94112	32352
615;61652	613
61589;237961	4204
61648;362569	579
616819;616822	2613784
616821;882378	119060
618165;618200	273939
618184;618197;618200;619001;619122;1262370;1262372;1432624;1432625;1432626	273939
619633;619634;619638;619649	114295
621407;621410;621411;621419;621423;621425	2623549
621407;621410;621411;621419;621423;621425;621429	2623549
621407;621410;621419;621423;621425;621427	2623549
621407;621426;621430;621434	2623549
621408;621428	2623549
621409;1702569;1702572	2623549
621409;621420;621432	2623549
621413;1702580	2623549
621413;621452	2623549
621420;621432	2623549
621432;621450	2623549
621447;621449	2623549
621450;1142067	2623549
62303;62310;62311;62312;99931;1205903	31339
62344;246697	13228
6289;45464	126387
630128;1070854	2608897
630128;1150460	1678
630129;1150460	630129
630403;1448389	630403
630632;630634	136074
630911;630915	2631580
63141;908976	50949
632150;1034652	632149
633859;696472	10501
634;349968	634
634452;634453;634454;634455;634456;634457;634458;634459	481145
634452;634458	481145
634499;644651	79967
634712;634715	69548
636;667121	636
637624;637625	196869
638001;638002;638003	312883
638;701230;701231;701232;701233	637
640344;640364	2631580
644;196023	644
644;29491;1781632	642
644;582208	642
644;582211	642
644;645	642
644;667121	1236
64589;64590;152408;152418;152421;152429;152437;152438;152439;292002;292004;292009;292012;292013;292023;292026;552673;552674;552681;552687;552688;552689;552693;552696;552702	64588
648;582204;582212;582248	642
648944;648945;648946;648947;648948;648949;648950	196821
648954;648955;648956	196821
648995;768901;768909	227290
64923;78552	141906
64939;101007;101015;101020;157670	3746
650649;650650;650651	2622466
651;29489	642
652910;870566;870567;870568	652909
653005;874834	6752
653028;874569	555092
653972;653986	83716
6550;29158	6548
6550;6551	6548
6550;6551;173667	6548
656064;656072	6103
65655;1281780	47420
65719;244871	1203520
658197;1117310	36751
658;553611	553611
659;1113700	657
661508;661511	2620435
663;1231058	717610
663202;663331	5550
666;127906	666
6662;85549	6660
666;32630	32630
666;345073;948564	666
666;945543	662
668;677232;677404;677436	641
669041;1458509;1458512	104267
669041;1458512	104267
669041;1458515	104267
669;1229494	717610
669;680	717610
66973;66974	447
670;294959	662
670884;670885	58840
671244;671245	2639137
671267;1236538	671267
67277;173860	1883
6728;114396	6656
673564;673565	196869
674529;1077285	674529
676980;677052;677101;677128;677193	2614977
677012;677191;677228;677849	2614977
677119;677330	2614977
677188;677412;677490;677493;677521;677553;677618;677624;677670;677711;677712;677719;677721;677722;677723;677846;677851;677857;677864;677891;677935;677959;678003;678194;678326;678329;678336;678338;678427;678437;678442;678444;678446;678449;678452;678455;678463;678466;678471;678499;678526;722988;723008;723083;723142;723156;723163	2614977
677212;677219	2614977
677232;677436	2614977
677235;722968	2614977
677300;678514	2614977
677322;677336	2614977
677330;678280;678516	2614977
677583;677875	2614977
677590;677710;677716;677738;677853	2614977
678105;678106	2614977
678295;678309	2614977
678334;678380	2614977
678;718012	2614977
68186;68216	68186
68239;68243	1883
685043;686688	655444
685063;685064;685065;685066;685069;685071;685072;685073;685084;685087;685088;685089	2649934
68595;68597;68598;68599;68605	2633481
68606;68607;68608	196869
686239;931097	773
686583;881819	686581
686845;686848;686849;686852;686853;686854	2626047
689786;689787;689788	49928
692387;692388	2637901
692392;692397	2637901
692404;692407	2637901
692406;692408;692409;692411	2637901
692430;1266907	178295
694147;694148;694152;694155;694161;694163;694167;694175;694177;694180	185979
69609;197312	2562645
696485;1229493	696485
697100;1068550	139836
701489;701500	701476
703908;1155129	3015
703931;703932;703939	455363
705216;836761	7088
707599;707607	58612
70799;88833;137816	159191
708448;708449	2649512
70993;158757	768507
710996;711000	2
712042;861478	33213
714506;714508	23224
715195;1200984	1883
716925;716928;1414559;1414561;1414563;1414564;1414566	227292
72056;72057;72084;394690	34820
722754;1714387	722752
72680;235267;235268	2944
7274;46829	446045
72792;606501;1933149	47732
72994;198292;1778771;1778772;1778773;1778774;1778775;1778776;1778777;1778778;1778779;1778781;1778782	33926
73033;73105;932719	29214
73376;933798;1162617	73375
738;1117322	738
741844;741867	2630086
743221;920442	7088
74331;74335;144056	2632371
744629;835455	7088
74468;224750	74468
744861;1194186	744860
74546;93060	1219
74557;944643	74556
7460;7469	7460
74665;213996	62336
747686;747688	109265
753;1032637	712
754211;754212;754217;754232	1783272
754309;754321	2608889
754321;754336	2608889
754327;754328;754329	2608889
754408;754409	2615021
754429;754430	2625242
75658;1031753	75658
75702;492479	3689
75704;75706;75715;77063;300649	40685
759362;880591	92945
759838;796575;798581	2618417
76203;1596008	72256
76317;210989	76317
76322;981370	40144
76869;160488;223283;264730;351746;384676;390235	286
76869;160488;351746;384676;390235	286
768905;768915;768935	2632611
768906;768911;768912;768913;768914;768936;768938;768940;768943	2632611
768917;768942	2632611
77022;246149;246150;1184648	77022
77133;100762	2
77133;1029756	2
77133;1392836	2
77133;152509	2
77133;152509;165435	2
77133;155098	48479
77133;155900	155900
77133;156588	2
77133;159267	2
77133;162156	2
77133;165183;165185	2
77133;165433	2
77133;166587	2
77133;169009	48479
77133;174711	2
77133;194843	2
77133;198431	198431
77133;212695	2
77133;218288	2
77133;218538	2
77133;219048	48479
77133;246143	2
77133;261514	2
77133;270495	2
77133;352152	2
77133;373888	2
77133;440175	2
77133;575653	2
77133;650134	2
77133;86473	2
77133;91750	2
77133;927763	2
77133;98595	48479
77133;98605	48479
77133;98629	48479
77931;120300	2759
77931;481301	2759
77931;704171;704173;1123954	2759
78172;391824;391827	1540022
78454;1079039	9486
795776;795777;795778;795783	2640874
798153;2078566	798144
80365;90893	33637
8047;44932	8045
80722;81636	8045
80867;192388	12916
80971;80973	80969
817;28116	816
821;435590	821
82207;261403	16195
82324;85378	4688
823;28116	171549
82934;82936;944620	4797
82941;289614	4797
830232;1140731	7088
830464;1093874	7088
830962;1098784	7088
831;185008	830
831;657324	831
8323;8325;385668;395388;1288479;1611729	8322
83372;291032	35127
83450;83451	47
835295;1099767	7088
835899;1111029	7088
836170;1110893	7088
83647;706301	82738
838016;1099414	7088
838325;1138940;1140631	7088
841764;1103560	7088
84487;84500;84503	2638842
84490;84491	2638842
84751;1277687	84751
851;469604	851
85401;243826	75984
85643;1234381	33057
85684;230314;230316;230317;230318;230319;230320	2642494
857908;857954	1903410
859179;859183	859183
859642;859643	90936
86040;473420	346
862692;1147683	1224
862920;868024;868085	46593
86473;257385	2
86473;648174	1236
866816;866830;1630553;1630560;1630570;1630587	2640874
868059;868060	2631692
868099;876028	104698
87104;363902	33674
87149;757423	3011
8732;184540	8731
875262;944674;944675;944676	196869
8790;8797;8801;8822;83376	8783
88149;88154	309357
882793;882794;882795;882796;882797	882792
882793;882794;882795;882797	882792
885464;944689;944693	196869
886333;886338	2642494
887144;1368428	887144
889502;1232651	33926
890382;904126	653948
894680;1098080	7399
903772;903774	903771
90396;158098	45618
904371;1313244	1120752
904486;1032241	2321108
907412;907430;907431	2631580
907417;907418;907419;907420;907421	2631580
907933;907935;1007733;1007736;1007737;1007740;1007761;1007771;1007775;1007783;1007787;1007794;1007797;1007799;1007802;1007805;1007821;1007825;1007828;1007860	49747
908995;914026	908989
90936;859642	90936
90936;859642;859643	90936
910591;910592;910593;910595;910596;910597;910598;910599;910600;910601;910602;910603;910604;910605;910606;910607	38240
91482;368784;746128	5052
91750;106905	47925
91750;157276	28211
91750;293400	28211
91809;213996	1068733
91991;91992	722751
920372;1137155	7088
92647;326444;326445;326452;326453;326455;326456;1331356	119060
930089;930091	33194
930;119978	119977
931645;931652;931667;931676;931704;931711;931718;931722;931734;931735;931741;931751;931755;1197463;1197464	2631580
931657;931664;931682;931687	2631580
933284;1643505	2613769
933798;1162617	73375
935223;1236148;1236149;1236150;1236152;1236162	237
936428;1577090;2033607	5820
937222;937224	937079
93939;93940;172087	2631580
939423;939445;939462;939469;939512;939519;939529;939535	1050719
93969;495343	5806
9408;9704;9719;33556	314145
94114;186284;212812;2609304	7215
942706;1391051	942705
94289;1172189	57506
944654;944661;944669;944670	196795
945894;945897	2613769
946455;946478;946479;946480;946482	2646205
947829;947830;947831;947833	2620435
9544;9545;9565	9528
9545;9565	9528
9555;9557	9554
95634;176247	49147
95713;95714	95671
9606;10090;10116	314146
9606;9986;10090;10116	314146
96939;506485;754101;1239149;1239943	3603
97227;1223579	97226
9767;9768	9766
977741;1704129	4783
980296;980297	193125
980350;980372	55970
980363;980368	980359
9823;310261	9823
98283;98284;106364;106365;106366;106367	2632575
9837;419612	9836
9837;9838	9836
9837;9838;419612	9836
98506;265967;265968	5683
987066;987067	31953
988796;988801	91347
989844;1888760	2648784
990284;1079800	1079800
9913;9915;661048	9903
993395;1043162	2622519
997936;997939	99900
998131;999057	197836
99875;311978	5661
999114;1174474	2613772
99912;1172189	5943
